ticker_symbol,sector,change,price
HJV,ENERGY,-10.59,194.41
QAZ,FINANCIAL,-4.62,190.41
TBV,HEALTHCARE,8.03,199.03
TGH,FINANCIAL,0.62,66.65
WMT,RETAIL,-1.89,68.62
NFS,ENERGY,-8.37,92.58
PJN,RETAIL,-1.39,31.41
QWE,TECHNOLOGY,4.26,222.3
QXZ,FINANCIAL,2.74,221.65
JYB,HEALTHCARE,0.1,45.32
BAC,FINANCIAL,0.05,14.9
SAC,ENERGY,2.11,57.68
BAC,FINANCIAL,0.3,15.2
VVS,ENERGY,-0.69,14.58
RFV,FINANCIAL,1.15,52
QWE,TECHNOLOGY,-2.74,219.56
NFLX,TECHNOLOGY,-0.67,98.33
DEG,ENERGY,0.45,6.26
DEG,ENERGY,-0.12,6.14
TGH,FINANCIAL,1.38,68.03
IOP,TECHNOLOGY,0.11,118.87
MJN,RETAIL,-4.94,147.44
QXZ,HEALTHCARE,2.88,89.62
SLW,ENERGY,2.76,78.56
SAC,ENERGY,-3.74,53.94
QAZ,FINANCIAL,3.69,194.1
VVY,HEALTHCARE,0.06,34.91
MMB,ENERGY,-1.46,19.89
AMZN,TECHNOLOGY,-3.04,732.47
SLW,ENERGY,-0.46,78.1
PLM,FINANCIAL,-0.12,19.26
CVB,TECHNOLOGY,-0.66,52.16
WSB,FINANCIAL,-1.11,109.42
QWE,TECHNOLOGY,-3.77,215.79
WMT,RETAIL,2.45,71.07
XTC,HEALTHCARE,-5.24,107.8
QXZ,FINANCIAL,-3.92,217.73
QWE,TECHNOLOGY,4.23,220.02
DEG,ENERGY,0.44,6.58
MMB,ENERGY,0.26,20.15
TBV,HEALTHCARE,2.33,201.36
IOP,TECHNOLOGY,-1.72,117.15
SLW,ENERGY,0.8,78.9
ASD,FINANCIAL,-0.99,64.81
QWE,TECHNOLOGY,1.13,221.15
WFC,FINANCIAL,-1.31,45.48
MJN,RETAIL,-2.75,144.69
TGH,FINANCIAL,-1.2,66.83
KIN,ENERGY,-0.37,4.68
MJN,RETAIL,5.83,150.52
BFH,RETAIL,0.46,17.51
HJV,ENERGY,-6.29,188.12
WMT,RETAIL,2.43,73.5
VVY,HEALTHCARE,0.03,34.94
KIN,ENERGY,-0.22,4.46
CVB,TECHNOLOGY,0.75,52.91
NGC,HEALTHCARE,0.06,5.15
BNM,TECHNOLOGY,3.28,179.44
VVY,HEALTHCARE,0.62,35.56
ASD,FINANCIAL,1.16,65.97
KFU,ENERGY,3.61,45.58
AMZN,TECHNOLOGY,-4.21,728.26
MMB,ENERGY,1.99,22.14
TGT,RETAIL,-1.75,66.64
DFG,TECHNOLOGY,1.34,137.55
KIN,ENERGY,0.19,4.65
ABC,RETAIL,-0.59,24.19
ASD,FINANCIAL,-0.61,65.36
QWE,TECHNOLOGY,4.28,225.43
SED,HEALTHCARE,0.07,2.27
WFC,FINANCIAL,-0.4,45.08
PJN,RETAIL,-1.21,30.2
QXZ,HEALTHCARE,4.07,93.69
QXZ,FINANCIAL,-0.72,217.01
PLM,FINANCIAL,0.43,19.69
DFG,TECHNOLOGY,-2.25,135.3
HJK,TECHNOLOGY,0.06,4.84
TBV,HEALTHCARE,-13.96,187.4
HJV,ENERGY,1.77,189.89
NGC,HEALTHCARE,-0.04,5.11
VVS,ENERGY,-0.77,13.81
PLM,FINANCIAL,0.26,19.95
DFG,TECHNOLOGY,-1.7,133.6
PLM,FINANCIAL,0.13,20.08
QAZ,FINANCIAL,-5.18,188.92
QWE,TECHNOLOGY,3.25,228.68
QAZ,FINANCIAL,-2.23,186.69
QWE,TECHNOLOGY,-4.29,224.39
WFC,FINANCIAL,-0.68,44.4
DFT,RETAIL,0.14,96.63
NGC,HEALTHCARE,-0.07,5.04
WSB,FINANCIAL,1.62,111.04
JKL,TECHNOLOGY,-0.08,15.02
PJN,RETAIL,0.93,31.13
KFU,ENERGY,-3.1,42.48
VVS,ENERGY,0.82,14.63
HJV,ENERGY,12.93,202.82
BFH,RETAIL,0.79,18.3
CVB,TECHNOLOGY,0.39,53.3
CVB,TECHNOLOGY,-0.81,52.49
ABC,RETAIL,-0.21,23.98
SLW,ENERGY,-5.7,73.2
JYB,HEALTHCARE,-0.1,45.22
PJN,RETAIL,-1.37,29.76
DFT,RETAIL,3.5,100.13
NFS,ENERGY,5.15,97.73
RFV,FINANCIAL,-0.51,51.49
WSB,RETAIL,-0.18,8.56
QAZ,FINANCIAL,-3.7,182.99
TBV,HEALTHCARE,-11.9,175.5
QAZ,FINANCIAL,-5.41,177.58
MJN,RETAIL,-3.36,147.16
UHN,FINANCIAL,-3.32,540.65
JYB,HEALTHCARE,-2.61,42.61
WMT,RETAIL,-3.49,70.01
DEG,ENERGY,0.02,6.6
HJV,ENERGY,-2.04,200.78
SAC,ENERGY,-4.07,49.87
JYB,HEALTHCARE,-1.25,41.36
WFC,FINANCIAL,0.44,44.84
SAC,ENERGY,-1.36,48.51
PJN,RETAIL,-0.8,28.96
IOP,TECHNOLOGY,0.99,118.14
AMZN,TECHNOLOGY,-5.74,722.52
NFLX,TECHNOLOGY,0.19,98.52
RFV,FINANCIAL,-0.02,51.47
MJN,RETAIL,-4.51,142.65
RFV,FINANCIAL,0,51.47
SLW,ENERGY,1.64,74.84
WMT,RETAIL,1.01,71.02
TBV,HEALTHCARE,9.63,185.13
NFS,ENERGY,0.41,98.14
DFG,TECHNOLOGY,-1.48,132.12
MMB,ENERGY,1.24,23.38
MJN,RETAIL,-0.98,141.67
SAC,ENERGY,-2.69,45.82
QWE,TECHNOLOGY,-3.39,221
SED,HEALTHCARE,0.06,2.33
JKL,TECHNOLOGY,-0.05,14.97
QXZ,HEALTHCARE,-1.8,91.89
PPL,HEALTHCARE,1.37,31.65
QAZ,FINANCIAL,-3.27,174.31
CRM,HEALTHCARE,-0.75,28.87
DFG,TECHNOLOGY,-0.87,131.25
WSB,FINANCIAL,2.56,113.6
WAS,RETAIL,-0.31,12.2
NGC,HEALTHCARE,-0.01,5.03
CVB,TECHNOLOGY,0.13,52.62
SLW,ENERGY,-2.15,72.69
PPL,HEALTHCARE,0.44,32.09
TBV,HEALTHCARE,-5.61,179.52
NFLX,TECHNOLOGY,1.01,99.53
QXZ,RETAIL,1.37,53.52
PLM,FINANCIAL,-0.42,19.66
BAC,FINANCIAL,0.26,15.46
BNM,TECHNOLOGY,-0.54,178.9
IOP,TECHNOLOGY,-2.06,116.08
SLW,ENERGY,-2.26,70.43
WSB,RETAIL,0.28,8.84
JKL,TECHNOLOGY,-0.15,14.82
QXZ,FINANCIAL,2.7,219.71
TGT,RETAIL,0.68,67.32
QAZ,FINANCIAL,-3.82,170.49
ASD,FINANCIAL,-1.05,64.31
HJV,ENERGY,19.14,219.92
XTC,HEALTHCARE,-5.07,102.73
WSB,FINANCIAL,-1.51,112.09
ASD,FINANCIAL,-1.23,63.08
QXZ,RETAIL,-0.58,52.94
BNM,TECHNOLOGY,2.88,181.78
ABC,RETAIL,-0.33,23.65
AZL,HEALTHCARE,0.23,17.9
AMZN,TECHNOLOGY,-13.99,708.53
HJK,TECHNOLOGY,-0.01,4.83
AZL,HEALTHCARE,1.19,19.09
QXZ,RETAIL,1.31,54.25
TGH,FINANCIAL,-0.44,66.39
RFV,FINANCIAL,-1.52,49.95
JYB,HEALTHCARE,-0.93,40.43
MMB,ENERGY,0.62,24
XTC,HEALTHCARE,-2.25,100.48
NFS,ENERGY,8.67,106.81
BFH,RETAIL,0.21,18.51
NFS,ENERGY,9.32,116.13
ASD,FINANCIAL,0.93,64.01
WAS,RETAIL,-0.37,11.83
JYB,HEALTHCARE,-2.11,38.32
CRM,HEALTHCARE,0.06,28.93
RFV,FINANCIAL,-1.22,48.73
TGH,FINANCIAL,-0.49,65.9
KFU,ENERGY,1.71,44.19
QWE,TECHNOLOGY,1.09,222.09
DFG,TECHNOLOGY,-0.41,130.84
MJN,RETAIL,-4.74,136.93
AMZN,TECHNOLOGY,-0.18,708.35
AZL,HEALTHCARE,0.49,19.58
SED,HEALTHCARE,0.04,2.37
NGC,HEALTHCARE,0.11,5.14
PLM,FINANCIAL,0.18,19.84
RFV,FINANCIAL,0.23,48.96
PPL,HEALTHCARE,-1.78,30.31
WFC,FINANCIAL,1.29,46.13
JKL,TECHNOLOGY,0.13,14.95
QXZ,HEALTHCARE,-0.04,91.85
QAZ,FINANCIAL,-0.79,169.7
SLW,ENERGY,1.07,71.5
MJN,RETAIL,5.78,142.71
CRM,HEALTHCARE,0.03,28.96
QXZ,HEALTHCARE,-4.72,87.13
KIN,ENERGY,-0.01,4.64
AMZN,TECHNOLOGY,8.79,717.14
BFH,RETAIL,0.25,18.76
TBV,HEALTHCARE,3.94,183.46
QWE,TECHNOLOGY,3.35,225.44
PLM,FINANCIAL,-0.47,19.37
TGH,FINANCIAL,0.02,65.92
SAC,ENERGY,-1.68,44.14
AAPL,TECHNOLOGY,-0.55,101.09
WFC,FINANCIAL,0.9,47.03
CRM,HEALTHCARE,-1.35,27.61
TGH,FINANCIAL,-0.08,65.84
NGC,HEALTHCARE,0.34,5.48
BNM,TECHNOLOGY,1.6,183.38
MMB,ENERGY,-0.79,23.21
CRM,HEALTHCARE,-0.47,27.14
AZL,HEALTHCARE,-1.3,18.28
PJN,RETAIL,-0.74,28.22
WMT,RETAIL,1.2,72.22
HJV,ENERGY,-1.91,218.01
PJN,RETAIL,0.75,28.97
TGH,FINANCIAL,0.73,66.57
QWE,TECHNOLOGY,0.67,226.11
QAZ,FINANCIAL,0.98,170.68
WSB,RETAIL,-0.42,8.42
MJN,RETAIL,1.54,144.25
CRM,HEALTHCARE,0.58,27.72
DEG,ENERGY,-0.21,6.39
XTC,HEALTHCARE,-1.07,99.41
XTC,HEALTHCARE,5.68,105.09
HJK,TECHNOLOGY,-0.09,4.74
CVB,TECHNOLOGY,-0.83,51.79
WSB,FINANCIAL,1.25,113.34
KIN,ENERGY,0.27,4.91
BFH,RETAIL,0.64,19.4
JKL,TECHNOLOGY,-0.08,14.87
AAPL,TECHNOLOGY,1.2,102.29
MMB,ENERGY,-1.04,22.17
MMB,ENERGY,-1.34,20.83
VVS,ENERGY,0.5,15.13
WMT,RETAIL,-0.94,71.28
TGH,FINANCIAL,-1.99,64.58
SAC,ENERGY,-0.71,43.43
CVB,TECHNOLOGY,-0.82,50.97
TGH,FINANCIAL,-1.15,63.43
NFS,ENERGY,2.81,118.94
JYB,HEALTHCARE,-2.51,35.81
NFLX,TECHNOLOGY,0.38,99.91
QXZ,HEALTHCARE,-2.35,84.78
VVS,ENERGY,0.97,16.1
QXZ,FINANCIAL,1.43,221.14
AMZN,TECHNOLOGY,-3.48,713.66
WMT,RETAIL,2.62,73.9
TGH,FINANCIAL,0.8,64.23
NGC,HEALTHCARE,0.14,5.62
QXZ,RETAIL,1.94,56.19
PJN,RETAIL,1.31,30.28
QWE,TECHNOLOGY,-0.23,225.88
DFG,TECHNOLOGY,-0.46,130.38
NFLX,TECHNOLOGY,-0.68,99.23
PJN,RETAIL,0.72,31
CRM,HEALTHCARE,-0.9,26.82
WFC,FINANCIAL,0.86,47.89
NFLX,TECHNOLOGY,1.09,100.32
WSB,RETAIL,0.33,8.75
TGH,FINANCIAL,0.8,65.03
JYB,HEALTHCARE,2.34,38.15
SLW,ENERGY,7.07,78.57
NFS,ENERGY,1.48,120.42
WAS,RETAIL,-0.01,11.82
ASD,FINANCIAL,1.57,65.58
AAPL,TECHNOLOGY,1.49,103.78
DFT,RETAIL,0.54,100.67
WFC,FINANCIAL,-0.59,47.3
CRM,HEALTHCARE,1.27,28.09
KFU,ENERGY,4.36,48.55
MMB,ENERGY,-1.82,19.01
HJV,ENERGY,-13.58,204.43
VVY,HEALTHCARE,0.89,36.45
VVS,ENERGY,-1.29,14.81
DFT,RETAIL,-3.6,97.07
TGT,RETAIL,-1.19,66.13
BFH,RETAIL,0.95,20.35
WFC,FINANCIAL,1.03,48.33
PPL,HEALTHCARE,0.97,31.28
QAZ,FINANCIAL,-0.92,169.76
VVY,HEALTHCARE,-1.59,34.86
QXZ,HEALTHCARE,4.79,89.57
BNM,TECHNOLOGY,-1.31,182.07
AZL,HEALTHCARE,-0.75,17.53
UHN,FINANCIAL,-4.85,535.8
SAC,ENERGY,-3.54,39.89
PPL,HEALTHCARE,-0.3,30.98
QXZ,HEALTHCARE,2.75,92.32
BAC,FINANCIAL,0.04,15.5
KIN,ENERGY,-0.44,4.47
SAC,ENERGY,0.6,40.49
TGH,FINANCIAL,-1.93,63.1
TGH,FINANCIAL,-0.77,62.33
BNM,TECHNOLOGY,2.6,184.67
UHN,FINANCIAL,-9.95,525.85
JYB,HEALTHCARE,-1.67,36.48
TGT,RETAIL,2.63,68.76
AAPL,TECHNOLOGY,0.59,104.37
TGH,FINANCIAL,-1.81,60.52
HJK,TECHNOLOGY,0,4.74
NFS,ENERGY,0.85,121.27
IOP,TECHNOLOGY,-1.36,114.72
AAPL,TECHNOLOGY,0.41,104.78
SED,HEALTHCARE,-0.15,2.22
PPL,HEALTHCARE,1.83,32.81
JKL,TECHNOLOGY,-0.24,14.63
UHN,FINANCIAL,-13.45,512.4
QXZ,RETAIL,2.62,58.81
SED,HEALTHCARE,0.12,2.34
AAPL,TECHNOLOGY,-1.71,103.07
QWE,TECHNOLOGY,4.08,229.96
JKL,TECHNOLOGY,-0.27,14.36
BAC,FINANCIAL,-0.19,15.31
KFU,ENERGY,4.38,52.93
NGC,HEALTHCARE,0.1,5.72
PLM,FINANCIAL,-0.5,18.87
KIN,ENERGY,-0.06,4.41
NGC,HEALTHCARE,-0.36,5.36
AMZN,TECHNOLOGY,13.21,726.87
QXZ,RETAIL,-0.62,58.19
BAC,FINANCIAL,-0.35,14.96
QWE,TECHNOLOGY,4.19,234.15
TGT,RETAIL,2.19,70.95
BNM,TECHNOLOGY,-0.19,184.48
HJV,ENERGY,-5.71,198.72
DFG,TECHNOLOGY,-1.23,129.15
JYB,HEALTHCARE,-0.16,36.32
KFU,ENERGY,2.21,55.14
ABC,RETAIL,0.34,23.99
TGT,RETAIL,-1.48,69.47
BAC,FINANCIAL,-0.37,14.59
HJV,ENERGY,9.66,208.38
RFV,FINANCIAL,0.58,49.54
MJN,RETAIL,3.72,147.97
AZL,HEALTHCARE,-1.12,16.41
QXZ,FINANCIAL,6.4,227.54
VVY,HEALTHCARE,-2.06,32.8
PLM,FINANCIAL,0.54,19.41
CVB,TECHNOLOGY,-0.85,50.12
PPL,HEALTHCARE,0.09,32.9
AAPL,TECHNOLOGY,-1.55,101.52
PPL,HEALTHCARE,-1,31.9
PJN,RETAIL,-1.46,29.54
HJV,ENERGY,4.64,213.02
MJN,RETAIL,3.91,151.88
MMB,ENERGY,-1.61,17.4
NFLX,TECHNOLOGY,-0.58,99.74
TBV,HEALTHCARE,-6.55,176.91
BAC,FINANCIAL,0.17,14.76
QAZ,FINANCIAL,-4.95,164.81
UHN,FINANCIAL,14.34,526.74
MJN,RETAIL,-2.93,148.95
JKL,TECHNOLOGY,0.19,14.55
WSB,FINANCIAL,0.49,113.83
SAC,ENERGY,2.66,43.15
DEG,ENERGY,0.24,6.63
AZL,HEALTHCARE,-0.08,16.33
VVS,ENERGY,0.55,15.36
HJV,ENERGY,7.21,220.23
ALY,ENERGY,2.75,91.85
QWE,TECHNOLOGY,2.41,236.56
TGH,FINANCIAL,0.78,61.3
ASD,FINANCIAL,0.53,66.11
QXZ,FINANCIAL,1.77,229.31
TBV,HEALTHCARE,-11.94,164.97
BAC,FINANCIAL,-0.06,14.7
DFT,RETAIL,0.22,97.29
JYB,HEALTHCARE,1.35,37.67
QAZ,FINANCIAL,-1.76,163.05
AMZN,TECHNOLOGY,1.53,728.4
XTC,HEALTHCARE,-2.85,102.24
JYB,HEALTHCARE,0.63,38.3
VVY,HEALTHCARE,-2.03,30.77
VVS,ENERGY,-0.55,14.81
QAZ,FINANCIAL,-3.69,159.36
TGT,RETAIL,1.46,70.93
DFT,RETAIL,0.79,98.08
TBV,HEALTHCARE,-9.44,155.53
WFC,FINANCIAL,-0.1,48.23
NFLX,TECHNOLOGY,-0.58,99.16
BFH,RETAIL,0.2,20.55
NGC,HEALTHCARE,-0.22,5.14
NFLX,TECHNOLOGY,0.57,99.73
DEG,ENERGY,0.13,6.76
WFC,FINANCIAL,1.38,49.61
MMB,ENERGY,0.46,17.86
DFT,RETAIL,2.26,100.34
KIN,ENERGY,-0.22,4.19
NFLX,TECHNOLOGY,-0.87,98.86
PLM,FINANCIAL,0.26,19.67
XTC,HEALTHCARE,-1.86,100.38
AMZN,TECHNOLOGY,-10.24,718.16
KFU,ENERGY,-3.04,52.1
AMZN,TECHNOLOGY,-1.22,716.94
KIN,ENERGY,0.33,4.52
DFT,RETAIL,-0.67,99.67
MJN,RETAIL,-4.22,144.73
SLW,ENERGY,-6.47,72.1
WSB,FINANCIAL,-2.82,111.01
QWE,TECHNOLOGY,-3.31,233.25
ASD,FINANCIAL,0.44,66.55
DFG,TECHNOLOGY,2.45,131.6
NFS,ENERGY,-6.09,115.18
PLM,FINANCIAL,-0.55,19.12
NGC,HEALTHCARE,0.05,5.19
QAZ,FINANCIAL,1.19,160.55
NFS,ENERGY,5.36,120.54
DFT,RETAIL,-1.08,98.59
DEG,ENERGY,0.53,7.29
CVB,TECHNOLOGY,0.12,50.24
PPL,HEALTHCARE,-1.37,30.53
HJV,ENERGY,20.87,241.1
PPL,HEALTHCARE,0.41,30.94
NFS,ENERGY,5.46,126
AZL,HEALTHCARE,-0.11,16.22
NFS,ENERGY,-10.01,115.99
XTC,HEALTHCARE,1.21,101.59
DFG,TECHNOLOGY,1.45,133.05
UHN,FINANCIAL,15.36,542.1
QAZ,FINANCIAL,1.64,162.19
MJN,RETAIL,-3.61,141.12
JYB,HEALTHCARE,1.24,39.54
DEG,ENERGY,0.34,7.63
PPL,HEALTHCARE,0.13,31.07
UHN,FINANCIAL,-7.61,534.49
NFLX,TECHNOLOGY,1.16,100.02
AZL,HEALTHCARE,-0.96,15.26
QXZ,HEALTHCARE,4.23,96.55
TBV,HEALTHCARE,-4.58,150.95
AMZN,TECHNOLOGY,0.58,717.52
BNM,TECHNOLOGY,-2.9,181.58
QWE,TECHNOLOGY,-0.68,232.57
DFG,TECHNOLOGY,-0.73,132.32
AMZN,TECHNOLOGY,-6.14,711.38
CRM,HEALTHCARE,0.8,28.89
KFU,ENERGY,1.09,53.19
ASD,FINANCIAL,0.62,67.17
CRM,HEALTHCARE,-0.23,28.66
ASD,FINANCIAL,-0.92,66.25
HJK,TECHNOLOGY,-0.02,4.72
AAPL,TECHNOLOGY,1.61,103.13
UHN,FINANCIAL,10.05,544.54
VVY,HEALTHCARE,1.83,32.6
MMB,ENERGY,-1.21,16.65
ASD,FINANCIAL,1.16,67.41
VVY,HEALTHCARE,-0.33,32.27
SAC,ENERGY,-1.17,41.98
BFH,RETAIL,-0.65,19.9
HJK,TECHNOLOGY,-0.08,4.64
TGT,RETAIL,2.22,73.15
NFLX,TECHNOLOGY,0.68,100.7
AAPL,TECHNOLOGY,-1.5,101.63
AMZN,TECHNOLOGY,4.72,716.1
AAPL,TECHNOLOGY,0.06,101.69
NFLX,TECHNOLOGY,-1.35,99.35
HJV,ENERGY,-15.83,225.27
CVB,TECHNOLOGY,0.38,50.62
QXZ,FINANCIAL,5.18,234.49
TGH,FINANCIAL,0.2,61.5
WFC,FINANCIAL,0.38,49.99
BAC,FINANCIAL,-0.13,14.57
JYB,HEALTHCARE,0.95,40.49
WFC,FINANCIAL,-0.86,49.13
IOP,TECHNOLOGY,-1.75,112.97
KFU,ENERGY,-3.63,49.56
HJV,ENERGY,16.92,242.19
WFC,FINANCIAL,0.01,49.14
MJN,RETAIL,-6.73,134.39
SLW,ENERGY,4.09,76.19
BFH,RETAIL,0.32,20.22
JKL,TECHNOLOGY,0.27,14.82
CVB,TECHNOLOGY,-0.88,49.74
SAC,ENERGY,-2.14,39.84
NGC,HEALTHCARE,0.15,5.34
WFC,FINANCIAL,1.24,50.38
ALY,ENERGY,4.39,96.24
BAC,FINANCIAL,0.4,14.97
WSB,RETAIL,-0.23,8.52
HJK,TECHNOLOGY,0,4.64
VVY,HEALTHCARE,1.12,33.39
AMZN,TECHNOLOGY,-2.01,714.09
UHN,FINANCIAL,-15.5,529.04
QWE,TECHNOLOGY,-2.66,229.91
AAPL,TECHNOLOGY,1.96,103.65
QAZ,FINANCIAL,2.72,164.91
HJK,TECHNOLOGY,0.05,4.69
TGH,FINANCIAL,0.62,62.12
VVS,ENERGY,-0.36,14.45
TGH,FINANCIAL,-0.52,61.6
CVB,TECHNOLOGY,0.87,50.61
QXZ,HEALTHCARE,-4.35,92.2
WFC,FINANCIAL,0.15,50.53
SLW,ENERGY,-6.95,69.24
QXZ,RETAIL,-1.03,57.16
QWE,TECHNOLOGY,-0.93,228.98
NFLX,TECHNOLOGY,-1.55,97.8
DEG,ENERGY,0.64,8.27
NGC,HEALTHCARE,-0.11,5.23
BAC,FINANCIAL,-0.25,14.72
SLW,ENERGY,-0.68,68.56
PJN,RETAIL,0.6,30.14
PJN,RETAIL,-0.57,29.57
SED,HEALTHCARE,0.04,2.38
QWE,TECHNOLOGY,3.87,232.85
CVB,TECHNOLOGY,-0.21,50.4
AAPL,TECHNOLOGY,-1.63,102.02
BAC,FINANCIAL,0.21,14.93
WMT,RETAIL,1.64,75.54
WSB,FINANCIAL,2.91,113.92
WFC,FINANCIAL,-1.06,49.47
DFG,TECHNOLOGY,1.45,133.77
NFS,ENERGY,-10.25,105.74
CRM,HEALTHCARE,-1.79,26.87
BAC,FINANCIAL,0.02,14.95
PJN,RETAIL,-1.06,28.51
TGH,FINANCIAL,0.77,62.37
WSB,FINANCIAL,-1.27,112.65
DFG,TECHNOLOGY,2.55,136.32
NGC,HEALTHCARE,0.31,5.54
WSB,RETAIL,-0.29,8.23
KFU,ENERGY,3,52.56
AMZN,TECHNOLOGY,-7.1,706.99
MMB,ENERGY,1.53,18.18
BNM,TECHNOLOGY,-0.27,181.31
MMB,ENERGY,0.52,18.7
TBV,HEALTHCARE,-8.91,142.04
VVS,ENERGY,1.12,15.57
ASD,FINANCIAL,1.34,68.75
VVY,HEALTHCARE,-1.23,32.16
UHN,FINANCIAL,-7.74,521.3
VVS,ENERGY,1.14,16.71
SAC,ENERGY,-1.23,38.61
UHN,FINANCIAL,7.48,528.78
NFS,ENERGY,-2.56,103.18
MJN,RETAIL,-3.23,131.16
TGT,RETAIL,-0.9,72.25
JKL,TECHNOLOGY,-0.15,14.67
AZL,HEALTHCARE,-0.99,14.27
ALY,ENERGY,-3.71,92.53
PJN,RETAIL,-0.22,28.29
CRM,HEALTHCARE,-0.9,25.97
HJK,TECHNOLOGY,-0.03,4.66
TGH,FINANCIAL,1.72,64.09
QAZ,FINANCIAL,2.82,167.73
QWE,TECHNOLOGY,0.44,233.29
PJN,RETAIL,1.2,29.49
MMB,ENERGY,-1.39,17.31
SED,HEALTHCARE,-0.11,2.27
SAC,ENERGY,-3.61,35
SLW,ENERGY,3.52,72.08
ASD,FINANCIAL,0.34,69.09
WSB,RETAIL,0.24,8.47
AZL,HEALTHCARE,0.91,15.18
PLM,FINANCIAL,0.13,19.25
AZL,HEALTHCARE,0.36,15.54
HJK,TECHNOLOGY,0,4.66
DFT,RETAIL,2.07,100.66
AAPL,TECHNOLOGY,0.31,102.33
DFG,TECHNOLOGY,-1.7,134.62
WSB,FINANCIAL,-0.23,112.42
XTC,HEALTHCARE,6.59,108.18
DEG,ENERGY,0.4,8.67
BAC,FINANCIAL,0.15,15.1
BFH,RETAIL,-0.45,19.77
QWE,TECHNOLOGY,0.51,233.8
NFS,ENERGY,7.71,110.89
XTC,HEALTHCARE,1.52,109.7
CRM,HEALTHCARE,1.12,27.09
NGC,HEALTHCARE,-0.31,5.23
DFG,TECHNOLOGY,1.41,136.03
ASD,FINANCIAL,-1.29,67.8
QXZ,HEALTHCARE,-4.69,87.51
PJN,RETAIL,0.75,30.24
DFT,RETAIL,-0.04,100.62
WSB,FINANCIAL,-2.11,110.31
WFC,FINANCIAL,0.58,50.05
QXZ,RETAIL,-1.75,55.41
QXZ,RETAIL,-0.37,55.04
CVB,TECHNOLOGY,0.76,51.16
AAPL,TECHNOLOGY,-1.95,100.38
AZL,HEALTHCARE,0.37,15.91
SLW,ENERGY,-1.87,70.21
AZL,HEALTHCARE,-0.6,15.31
HJV,ENERGY,-5.88,236.31
QXZ,FINANCIAL,-0.17,234.32
WFC,FINANCIAL,-1.03,49.02
PPL,HEALTHCARE,1.65,32.72
HJK,TECHNOLOGY,-0.06,4.6
WFC,FINANCIAL,-1.09,47.93
NFLX,TECHNOLOGY,1.35,99.15
QXZ,HEALTHCARE,-5,82.51
QXZ,HEALTHCARE,4.84,87.35
DFT,RETAIL,-2.22,98.4
PPL,HEALTHCARE,-0.74,31.98
WFC,FINANCIAL,0.97,48.9
SLW,ENERGY,2.07,72.28
ABC,RETAIL,0.9,24.89
KFU,ENERGY,1.54,54.1
PLM,FINANCIAL,-0.18,19.07
UHN,FINANCIAL,-7.53,521.25
TGH,FINANCIAL,-1.9,62.19
VVY,HEALTHCARE,-2.14,30.02
QWE,TECHNOLOGY,-2.32,231.48
ASD,FINANCIAL,-1.53,66.27
NGC,HEALTHCARE,0.01,5.24
SED,HEALTHCARE,0.07,2.34
BAC,FINANCIAL,-0.29,14.81
KIN,ENERGY,-0.38,4.14
HJK,TECHNOLOGY,0.05,4.65
CRM,HEALTHCARE,1.25,28.34
WFC,FINANCIAL,0.25,49.15
JYB,HEALTHCARE,-2.05,38.44
WFC,FINANCIAL,-1.11,48.04
QXZ,HEALTHCARE,-5.59,81.76
QXZ,HEALTHCARE,2.45,84.21
SLW,ENERGY,3.24,75.52
NFS,ENERGY,4.57,115.46
AAPL,TECHNOLOGY,-0.45,99.93
ALY,ENERGY,8.81,101.34
BFH,RETAIL,-0.34,19.43
WSB,FINANCIAL,2.97,113.28
QXZ,RETAIL,-2.69,52.35
BNM,TECHNOLOGY,0.48,181.79
AMZN,TECHNOLOGY,9.21,716.2
MMB,ENERGY,-0.01,17.3
RFV,FINANCIAL,0.87,50.41
QXZ,RETAIL,2.29,54.64
TBV,HEALTHCARE,-3.89,138.15
JYB,HEALTHCARE,-1.72,36.72
PPL,HEALTHCARE,1.36,33.34
QAZ,FINANCIAL,-3.34,164.39
TBV,HEALTHCARE,-1.59,136.56
KIN,ENERGY,0.06,4.2
UHN,FINANCIAL,-10.85,510.4
TGT,RETAIL,-2.47,69.78
VVY,HEALTHCARE,-2.01,28.01
WMT,RETAIL,-1.64,73.9
PPL,HEALTHCARE,-0.01,33.33
WSB,FINANCIAL,3.12,116.4
AAPL,TECHNOLOGY,-1.26,98.67
AZL,HEALTHCARE,0.43,15.74
WAS,RETAIL,0.49,12.31
AZL,HEALTHCARE,0.65,16.39
WSB,RETAIL,-0.04,8.43
WSB,FINANCIAL,-2.12,114.28
QXZ,FINANCIAL,2.39,236.71
NFLX,TECHNOLOGY,1.21,100.36
VVS,ENERGY,1.61,18.32
QXZ,RETAIL,2.07,56.71
AAPL,TECHNOLOGY,-1.48,97.19
QXZ,RETAIL,-0.6,56.11
QWE,TECHNOLOGY,-1.41,230.07
WSB,RETAIL,0.28,8.71
WSB,RETAIL,0.06,8.77
AZL,HEALTHCARE,1.14,17.53
BAC,FINANCIAL,0.18,14.99
NFS,ENERGY,-4.59,110.87
XTC,HEALTHCARE,1.09,110.79
MMB,ENERGY,0.26,17.56
MMB,ENERGY,0.75,18.31
DFG,TECHNOLOGY,1.86,137.89
WSB,FINANCIAL,0.03,114.31
TBV,HEALTHCARE,4.64,141.2
SLW,ENERGY,4.98,80.5
WSB,RETAIL,0.18,8.95
WSB,RETAIL,-0.24,8.71
NFLX,TECHNOLOGY,0.83,101.19
SED,HEALTHCARE,-0.1,2.24
UHN,FINANCIAL,-11.44,498.96
NFS,ENERGY,-8.34,102.53
NFS,ENERGY,3.58,106.11
NGC,HEALTHCARE,0.13,5.37
TGH,FINANCIAL,-1.33,60.86
QWE,TECHNOLOGY,-3.54,226.53
HJV,ENERGY,-10.02,226.29
ABC,RETAIL,-1.24,23.65
DEG,ENERGY,0.44,9.11
BAC,FINANCIAL,0.31,15.3
HJV,ENERGY,-14.5,211.79
WFC,FINANCIAL,1.27,49.31
NFS,ENERGY,10.31,116.42
BAC,FINANCIAL,0.39,15.69
SAC,ENERGY,-1.99,33.01
AZL,HEALTHCARE,-0.78,16.75
ALY,ENERGY,5.83,107.17
WFC,FINANCIAL,-0.25,49.06
QXZ,FINANCIAL,-0.35,236.36
DEG,ENERGY,0.2,9.31
UHN,FINANCIAL,-13.97,484.99
IOP,TECHNOLOGY,-1.54,111.43
HJV,ENERGY,15.18,226.97
ABC,RETAIL,-0.52,23.13
ABC,RETAIL,-0.95,22.18
WSB,RETAIL,-0.16,8.55
VVS,ENERGY,-0.74,17.58
JKL,TECHNOLOGY,-0.11,14.56
QXZ,HEALTHCARE,-2.03,82.18
XTC,HEALTHCARE,-2.84,107.95
PPL,HEALTHCARE,-0.67,32.66
VVS,ENERGY,-0.4,17.18
WSB,FINANCIAL,-0.96,113.35
MMB,ENERGY,-1.52,16.79
BAC,FINANCIAL,-0.41,15.28
NGC,HEALTHCARE,0.12,5.49
RFV,FINANCIAL,-1.04,49.37
BFH,RETAIL,0.59,20.02
AAPL,TECHNOLOGY,1.42,98.61
MJN,RETAIL,6.51,137.67
QXZ,FINANCIAL,0.16,236.52
JYB,HEALTHCARE,0.35,37.07
CVB,TECHNOLOGY,0.43,51.59
XTC,HEALTHCARE,1.66,109.61
QXZ,HEALTHCARE,2.65,84.83
SAC,ENERGY,-0.41,32.6
QXZ,RETAIL,0.03,56.14
WFC,FINANCIAL,0.75,49.81
WSB,FINANCIAL,-0.62,112.73
ALY,ENERGY,6.39,113.56
XTC,HEALTHCARE,2.39,112
SED,HEALTHCARE,-0.15,2.09
SED,HEALTHCARE,0.02,2.11
JYB,HEALTHCARE,0.09,37.16
HJV,ENERGY,12.28,239.25
WSB,FINANCIAL,0.13,112.86
MJN,RETAIL,4.7,142.37
BFH,RETAIL,-0.18,19.84
WSB,FINANCIAL,0.51,113.37
ASD,FINANCIAL,1.98,68.25
TBV,HEALTHCARE,-3.05,138.15
QXZ,RETAIL,-0.42,55.72
TBV,HEALTHCARE,-0.61,137.54
QXZ,HEALTHCARE,0.71,85.54
TBV,HEALTHCARE,7.56,145.1
TGH,FINANCIAL,1.03,61.89
SAC,ENERGY,0.21,32.81
BFH,RETAIL,0.93,20.77
KIN,ENERGY,0.12,4.32
QXZ,RETAIL,1.66,57.38
UHN,FINANCIAL,-11.45,473.54
SAC,ENERGY,-3.17,29.64
QAZ,FINANCIAL,4.61,169
XTC,HEALTHCARE,4.43,116.43
ASD,FINANCIAL,-0.03,68.22
SED,HEALTHCARE,-0.06,2.05
BFH,RETAIL,-0.74,20.03
WSB,FINANCIAL,2.51,115.88
TGT,RETAIL,1.15,70.93
NFS,ENERGY,-4.64,111.78
AMZN,TECHNOLOGY,5.1,721.3
TBV,HEALTHCARE,-9.94,135.16
SLW,ENERGY,-3.11,77.39
SED,HEALTHCARE,0.09,2.14
HJV,ENERGY,0.25,239.5
NFS,ENERGY,0.9,112.68
QXZ,RETAIL,-2.17,55.21
RFV,FINANCIAL,0.46,49.83
QAZ,FINANCIAL,3.49,172.49
CVB,TECHNOLOGY,-0.91,50.68
DFG,TECHNOLOGY,0.06,137.95
WAS,RETAIL,0.11,12.42
SLW,ENERGY,1.71,79.1
PJN,RETAIL,0.41,30.65
ABC,RETAIL,0.84,23.02
KFU,ENERGY,0.54,54.64
ABC,RETAIL,-1.11,21.91
SED,HEALTHCARE,-0.12,2.02
AZL,HEALTHCARE,-0.36,16.39
DFG,TECHNOLOGY,1.63,139.58
KIN,ENERGY,-0.04,4.28
WSB,FINANCIAL,1.19,117.07
XTC,HEALTHCARE,-5.92,110.51
PPL,HEALTHCARE,0.97,33.63
TBV,HEALTHCARE,-3.07,132.09
ALY,ENERGY,-5.53,108.03
PJN,RETAIL,-0.71,29.94
WSB,RETAIL,0.03,8.58
XTC,HEALTHCARE,2.63,113.14
JYB,HEALTHCARE,-1.87,35.29
NFS,ENERGY,7.01,119.69
WSB,RETAIL,0.29,8.87
IOP,TECHNOLOGY,-1.8,109.63
WAS,RETAIL,0.29,12.71
QXZ,FINANCIAL,-4.8,231.72
VVY,HEALTHCARE,-1.87,26.14
NFLX,TECHNOLOGY,-0.34,100.85
QXZ,RETAIL,-1.9,53.31
ASD,FINANCIAL,1.38,69.6
QXZ,RETAIL,0.35,53.66
QWE,TECHNOLOGY,-1.4,225.13
CRM,HEALTHCARE,-0.76,27.58
WSB,RETAIL,0.13,9
HJV,ENERGY,10.82,250.32
WSB,RETAIL,0.04,9.04
CRM,HEALTHCARE,1.65,29.23
QWE,TECHNOLOGY,0.63,225.76
PLM,FINANCIAL,0.35,19.42
SLW,ENERGY,-7.05,72.05
SED,HEALTHCARE,0.05,2.07
NGC,HEALTHCARE,-0.2,5.29
KFU,ENERGY,-4.45,50.19
TGH,FINANCIAL,-1.61,60.28
ABC,RETAIL,-1.03,20.88
QXZ,RETAIL,-2.03,51.63
BAC,FINANCIAL,0.1,15.38
MJN,RETAIL,-4.83,137.54
NFLX,TECHNOLOGY,0.12,100.97
QXZ,FINANCIAL,-6.49,225.23
KIN,ENERGY,-0.31,3.97
WFC,FINANCIAL,0.89,50.7
AAPL,TECHNOLOGY,-1.18,97.43
NGC,HEALTHCARE,-0.09,5.2
CVB,TECHNOLOGY,-0.65,50.03
CRM,HEALTHCARE,-0.34,28.89
QWE,TECHNOLOGY,2.95,228.71
NGC,HEALTHCARE,0.2,5.4
WMT,RETAIL,-0.36,73.54
QAZ,FINANCIAL,0.17,172.66
QXZ,RETAIL,-0.2,51.43
RFV,FINANCIAL,0.56,50.39
WMT,RETAIL,1.38,74.92
RFV,FINANCIAL,0.63,51.02
WSB,RETAIL,-0.42,8.62
KFU,ENERGY,-3.77,46.42
VVY,HEALTHCARE,0.23,26.37
TGH,FINANCIAL,0.29,60.57
JKL,TECHNOLOGY,-0.07,14.49
QXZ,HEALTHCARE,-2.44,83.1
WSB,FINANCIAL,-1.97,115.1
RFV,FINANCIAL,-1.3,49.72
VVS,ENERGY,0.02,17.2
TBV,HEALTHCARE,-7.64,124.45
ASD,FINANCIAL,-0.77,68.83
WMT,RETAIL,-3.09,71.83
ABC,RETAIL,0.03,20.91
TBV,HEALTHCARE,4.87,129.32
BNM,TECHNOLOGY,-1,180.79
VVS,ENERGY,1.65,18.85
NFS,ENERGY,5.93,125.62
KIN,ENERGY,0.27,4.24
BAC,FINANCIAL,0.43,15.81
BAC,FINANCIAL,0.47,16.28
ABC,RETAIL,0.01,20.92
ABC,RETAIL,0.38,21.3
PPL,HEALTHCARE,-0.67,32.96
SAC,ENERGY,2.49,32.13
WSB,FINANCIAL,0.13,115.23
QXZ,FINANCIAL,3.42,228.65
QWE,TECHNOLOGY,3.75,232.46
VVS,ENERGY,0.1,18.95
XTC,HEALTHCARE,-3.74,109.4
QXZ,HEALTHCARE,0.32,83.42
WSB,RETAIL,-0.06,8.56
ALY,ENERGY,9.99,118.02
VVY,HEALTHCARE,0.4,26.77
NFLX,TECHNOLOGY,-1.52,99.45
NGC,HEALTHCARE,0.24,5.64
SAC,ENERGY,0.28,32.41
JKL,TECHNOLOGY,-0.08,14.41
PLM,FINANCIAL,-0.47,18.95
NGC,HEALTHCARE,0.02,5.66
QXZ,HEALTHCARE,-4.2,79.22
ALY,ENERGY,6.44,124.46
ABC,RETAIL,-0.42,20.88
HJV,ENERGY,19.65,269.97
BNM,TECHNOLOGY,1.92,182.71
AAPL,TECHNOLOGY,-1.11,96.32
WSB,FINANCIAL,-2.9,112.33
BAC,FINANCIAL,-0.34,15.94
AAPL,TECHNOLOGY,-1.7,94.62
RFV,FINANCIAL,1.44,51.16
NFLX,TECHNOLOGY,1.66,101.11
JKL,TECHNOLOGY,0.14,14.55
PLM,FINANCIAL,0.46,19.41
PJN,RETAIL,-0.14,29.8
CRM,HEALTHCARE,1.73,30.62
WSB,FINANCIAL,0.21,112.54
WSB,FINANCIAL,2.12,114.66
ABC,RETAIL,-0.24,20.64
CRM,HEALTHCARE,-1.71,28.91
ALY,ENERGY,-11.89,112.57
DEG,ENERGY,0.33,9.64
HJV,ENERGY,25.03,295
QXZ,FINANCIAL,-6.3,222.35
ALY,ENERGY,-7.68,104.89
TBV,HEALTHCARE,-5.85,123.47
PLM,FINANCIAL,-0.3,19.11
KIN,ENERGY,-0.4,3.84
DFG,TECHNOLOGY,-1.28,138.3
WAS,RETAIL,-0.6,12.11
KFU,ENERGY,2.31,48.73
VVS,ENERGY,0.82,19.77
PLM,FINANCIAL,-0.5,18.61
XTC,HEALTHCARE,-3.95,105.45
KFU,ENERGY,-2.14,46.59
QAZ,FINANCIAL,-2.75,169.91
AMZN,TECHNOLOGY,-1.59,719.71
ABC,RETAIL,0.58,21.22
AZL,HEALTHCARE,-0.59,15.8
NGC,HEALTHCARE,0.18,5.84
WFC,FINANCIAL,-0.33,50.37
NFS,ENERGY,4.69,130.31
SAC,ENERGY,-2.46,29.95
HJK,TECHNOLOGY,0.09,4.74
QAZ,FINANCIAL,-3.52,166.39
AMZN,TECHNOLOGY,-5.7,714.01
QXZ,HEALTHCARE,2.54,81.76
ASD,FINANCIAL,-1.5,67.33
HJV,ENERGY,-24.84,270.16
WAS,RETAIL,0.56,12.67
JKL,TECHNOLOGY,-0.23,14.32
QXZ,FINANCIAL,4.5,226.85
TGH,FINANCIAL,1.57,62.14
BNM,TECHNOLOGY,-1.16,181.55
WAS,RETAIL,0.07,12.74
WFC,FINANCIAL,0.53,50.9
ALY,ENERGY,-1.05,103.84
TGT,RETAIL,1.26,72.19
RFV,FINANCIAL,0.6,51.76
HJK,TECHNOLOGY,-0.04,4.7
HJK,TECHNOLOGY,0.04,4.74
CRM,HEALTHCARE,1.77,30.68
UHN,FINANCIAL,-13.42,460.12
DFT,RETAIL,-0.35,98.05
MJN,RETAIL,-0.64,136.9
HJK,TECHNOLOGY,0.03,4.77
MMB,ENERGY,-1.26,15.53
BFH,RETAIL,0.42,20.45
TGT,RETAIL,1.23,73.42
UHN,FINANCIAL,-7,453.12
CRM,HEALTHCARE,1.64,32.32
JYB,HEALTHCARE,2.11,37.4
PJN,RETAIL,0.76,30.56
DFT,RETAIL,-3.73,94.32
IOP,TECHNOLOGY,-0.6,109.03
DFT,RETAIL,-2.15,92.17
SED,HEALTHCARE,-0.01,2.06
MMB,ENERGY,-0.24,15.29
JYB,HEALTHCARE,1.3,38.7
QXZ,FINANCIAL,3.77,230.62
JKL,TECHNOLOGY,-0.03,14.29
WAS,RETAIL,-0.36,12.38
PLM,FINANCIAL,-0.36,18.25
DFT,RETAIL,-1.8,90.37
MMB,ENERGY,0.91,16.2
QAZ,FINANCIAL,-0.3,166.09
XTC,HEALTHCARE,6.06,111.51
QXZ,HEALTHCARE,1.22,82.98
WMT,RETAIL,-2.18,69.65
QWE,TECHNOLOGY,-2.76,229.7
KFU,ENERGY,-4.45,42.14
DFG,TECHNOLOGY,-1.73,136.57
WAS,RETAIL,0.43,12.81
SED,HEALTHCARE,-0.04,2.02
ASD,FINANCIAL,1.71,69.04
PJN,RETAIL,-1.1,29.46
MJN,RETAIL,1.51,138.41
BFH,RETAIL,0.74,21.19
CVB,TECHNOLOGY,-0.09,49.94
QXZ,FINANCIAL,4.6,235.22
UHN,FINANCIAL,-13.27,439.85
SED,HEALTHCARE,-0.07,1.95
SED,HEALTHCARE,-0.12,1.83
VVY,HEALTHCARE,-0.73,26.04
KIN,ENERGY,-0.24,3.6
KFU,ENERGY,0.6,42.74
DFT,RETAIL,-2,88.37
PLM,FINANCIAL,0.33,18.58
VVY,HEALTHCARE,-1.23,24.81
TBV,HEALTHCARE,2.69,126.16
ALY,ENERGY,5.52,109.36
NGC,HEALTHCARE,0.02,5.86
NGC,HEALTHCARE,-0.19,5.67
AAPL,TECHNOLOGY,0.18,94.8
AAPL,TECHNOLOGY,1.74,96.54
UHN,FINANCIAL,11.41,451.26
NFS,ENERGY,-1.9,128.41
PPL,HEALTHCARE,1.98,34.94
CVB,TECHNOLOGY,0.85,50.79
PPL,HEALTHCARE,-1.79,33.15
CRM,HEALTHCARE,-0.14,32.18
QXZ,RETAIL,0.67,52.1
VVS,ENERGY,1.43,21.2
DFT,RETAIL,4.36,92.73
WFC,FINANCIAL,0.01,50.91
MMB,ENERGY,1.35,17.55
DFG,TECHNOLOGY,1.82,138.39
KIN,ENERGY,-0.3,3.3
AZL,HEALTHCARE,-0.04,15.76
NFLX,TECHNOLOGY,0.51,101.62
KFU,ENERGY,0.76,43.5
PLM,FINANCIAL,-0.38,18.2
QWE,TECHNOLOGY,-4.34,225.36
MMB,ENERGY,-0.41,17.14
WFC,FINANCIAL,-1.07,49.84
QXZ,HEALTHCARE,-3.19,79.79
SLW,ENERGY,6.64,78.69
SED,HEALTHCARE,-0.02,1.81
TGH,FINANCIAL,1.34,63.48
PLM,FINANCIAL,-0.49,17.71
KIN,ENERGY,-0.19,3.11
DEG,ENERGY,-0.21,9.43
CRM,HEALTHCARE,-0.12,32.06
TGT,RETAIL,-0.14,73.28
KIN,ENERGY,0.29,3.4
XTC,HEALTHCARE,-0.93,110.58
DFT,RETAIL,1.71,94.44
XTC,HEALTHCARE,4.1,114.68
PPL,HEALTHCARE,-1.9,31.25
ALY,ENERGY,-8.75,100.61
TGH,FINANCIAL,-1.86,61.62
DFT,RETAIL,2.71,97.15
WMT,RETAIL,-1.02,68.63
SAC,ENERGY,1.16,31.11
NFS,ENERGY,-8.97,119.44
SAC,ENERGY,-2.02,29.09
UHN,FINANCIAL,10.25,461.51
QXZ,FINANCIAL,-7.01,228.21
UHN,FINANCIAL,-3.6,457.91
QXZ,RETAIL,0.68,52.78
BFH,RETAIL,-0.62,20.57
AZL,HEALTHCARE,-0.13,15.63
TGT,RETAIL,2.86,76.14
WMT,RETAIL,3.43,72.06
TBV,HEALTHCARE,0.7,126.86
WMT,RETAIL,-2.84,69.22
HJK,TECHNOLOGY,0.02,4.79
AMZN,TECHNOLOGY,-3.27,710.74
BNM,TECHNOLOGY,-3.35,178.2
ASD,FINANCIAL,-0.17,68.87
WMT,RETAIL,0.31,69.53
JYB,HEALTHCARE,2.13,40.83
QXZ,HEALTHCARE,-3.8,75.99
MMB,ENERGY,-0.64,16.5
BFH,RETAIL,-0.55,20.02
WFC,FINANCIAL,-0.86,48.98
WMT,RETAIL,-0.53,69
MJN,RETAIL,-1.95,136.46
TGH,FINANCIAL,-0.6,61.02
PLM,FINANCIAL,-0.25,17.46
DFG,TECHNOLOGY,1.97,140.36
WSB,FINANCIAL,-2.77,111.89
ABC,RETAIL,-0.56,20.66
QXZ,FINANCIAL,5.94,234.15
VVS,ENERGY,-1.62,19.58
MMB,ENERGY,-0.49,16.01
MMB,ENERGY,-0.93,15.08
BAC,FINANCIAL,-0.23,15.71
WSB,FINANCIAL,3.09,114.98
JKL,TECHNOLOGY,-0.04,14.25
WAS,RETAIL,-0.6,12.21
QXZ,RETAIL,1.01,53.79
QAZ,FINANCIAL,-3.85,162.24
SLW,ENERGY,-4.19,74.5
ALY,ENERGY,-2.49,98.12
HJK,TECHNOLOGY,0.01,4.8
BNM,TECHNOLOGY,1.56,179.76
NFS,ENERGY,10.04,129.48
NGC,HEALTHCARE,-0.19,5.48
JKL,TECHNOLOGY,-0.24,14.01
WSB,FINANCIAL,-0.16,114.82
JKL,TECHNOLOGY,-0.12,13.89
KIN,ENERGY,0.1,3.5
QAZ,FINANCIAL,-3.6,158.64
VVY,HEALTHCARE,-0.78,24.03
ALY,ENERGY,-7.57,90.55
NGC,HEALTHCARE,-0.1,5.38
ASD,FINANCIAL,1.55,70.42
SLW,ENERGY,2.03,76.53
TGH,FINANCIAL,-0.08,60.94
RFV,FINANCIAL,-0.46,51.3
QAZ,FINANCIAL,-3.07,155.57
QWE,TECHNOLOGY,2.84,228.2
IOP,TECHNOLOGY,-0.03,109
ALY,ENERGY,5.75,96.3
RFV,FINANCIAL,-0.63,50.67
JKL,TECHNOLOGY,-0.21,13.68
NFLX,TECHNOLOGY,-0.2,101.42
BFH,RETAIL,-0.02,20
BFH,RETAIL,0.39,20.39
QXZ,FINANCIAL,-2.71,231.44
JYB,HEALTHCARE,0.93,41.76
TGH,FINANCIAL,-0.46,60.48
NGC,HEALTHCARE,-0.37,5.01
WSB,RETAIL,-0.1,8.46
TBV,HEALTHCARE,-8.61,118.25
QXZ,HEALTHCARE,-1.8,74.19
HJK,TECHNOLOGY,-0.03,4.77
QAZ,FINANCIAL,-4.24,151.33
BNM,TECHNOLOGY,-3.03,176.73
SLW,ENERGY,-7.31,69.22
SAC,ENERGY,-0.53,28.56
XTC,HEALTHCARE,-0.11,114.57
PJN,RETAIL,-1.13,28.33
MJN,RETAIL,0.58,137.04
MJN,RETAIL,-4.35,132.69
KFU,ENERGY,-1.27,42.23
KFU,ENERGY,0.26,42.49
WSB,RETAIL,0.31,8.77
DFT,RETAIL,4.43,101.58
HJV,ENERGY,25.26,295.42
XTC,HEALTHCARE,2.45,117.02
XTC,HEALTHCARE,5.38,122.4
NGC,HEALTHCARE,-0.12,4.89
CVB,TECHNOLOGY,-0.45,50.34
VVY,HEALTHCARE,1.56,25.59
AAPL,TECHNOLOGY,1.07,97.61
AAPL,TECHNOLOGY,1.16,98.77
ASD,FINANCIAL,-0.43,69.99
UHN,FINANCIAL,9.29,467.2
IOP,TECHNOLOGY,1.03,110.03
UHN,FINANCIAL,-9.3,457.9
MMB,ENERGY,0.2,15.28
KFU,ENERGY,1.49,43.98
NGC,HEALTHCARE,0.32,5.21
WFC,FINANCIAL,-0.19,48.79
BFH,RETAIL,-0.12,20.27
QXZ,HEALTHCARE,4.02,78.21
NFS,ENERGY,-7.57,121.91
DFT,RETAIL,0.78,102.36
BAC,FINANCIAL,-0.34,15.37
DEG,ENERGY,0.69,10.12
QWE,TECHNOLOGY,0.65,228.85
TBV,HEALTHCARE,2.43,120.68
TGH,FINANCIAL,-1.19,59.29
AAPL,TECHNOLOGY,-0.24,98.53
WSB,RETAIL,-0.34,8.43
RFV,FINANCIAL,-1.25,49.42
WFC,FINANCIAL,-0.56,48.23
CRM,HEALTHCARE,-0.65,31.41
PPL,HEALTHCARE,-2.03,29.22
ASD,FINANCIAL,1.56,71.55
SED,HEALTHCARE,-0.11,1.7
CRM,HEALTHCARE,1.86,33.27
KIN,ENERGY,-0.28,3.22
SLW,ENERGY,0.99,70.21
AMZN,TECHNOLOGY,-6.4,704.34
UHN,FINANCIAL,-3.28,454.62
VVY,HEALTHCARE,0.22,25.81
PLM,FINANCIAL,0.11,17.57
QXZ,RETAIL,2.13,55.92
MJN,RETAIL,-3.58,129.11
QWE,TECHNOLOGY,0.11,228.96
DEG,ENERGY,0.76,10.88
WAS,RETAIL,0.27,12.48
CVB,TECHNOLOGY,0.7,51.04
SLW,ENERGY,6.76,76.97
BAC,FINANCIAL,-0.05,15.32
SED,HEALTHCARE,-0.01,1.69
QWE,TECHNOLOGY,3.7,232.66
BNM,TECHNOLOGY,0.49,177.22
MJN,RETAIL,2.39,131.5
PLM,FINANCIAL,-0.23,17.34
WSB,FINANCIAL,-3.29,111.53
DFT,RETAIL,-2.55,99.81
BAC,FINANCIAL,-0.42,14.9
CVB,TECHNOLOGY,0.67,51.71
NFS,ENERGY,1.34,123.25
NFLX,TECHNOLOGY,1.72,103.14
ALY,ENERGY,4.98,101.28
CRM,HEALTHCARE,-1.62,31.65
SAC,ENERGY,-1.34,27.22
HJV,ENERGY,-4.62,290.8
WSB,RETAIL,0.29,8.72
AMZN,TECHNOLOGY,0.73,705.07
QXZ,FINANCIAL,-3.95,227.49
WSB,FINANCIAL,2,113.53
VVS,ENERGY,0.59,20.17
VVY,HEALTHCARE,-0.01,25.8
RFV,FINANCIAL,0.15,49.57
BNM,TECHNOLOGY,-1.66,175.56
QXZ,HEALTHCARE,2.48,80.69
DFT,RETAIL,-0.9,98.91
WFC,FINANCIAL,-1.25,46.98
RFV,FINANCIAL,-0.38,49.19
PPL,HEALTHCARE,-1.52,27.7
NFLX,TECHNOLOGY,-0.72,102.42
WSB,FINANCIAL,1,114.53
WMT,RETAIL,-0.56,68.44
HJV,ENERGY,4.23,295.03
TBV,HEALTHCARE,-5.16,115.52
HJV,ENERGY,-1.58,293.45
UHN,FINANCIAL,-11.48,443.14
QXZ,RETAIL,0.53,56.45
DFG,TECHNOLOGY,-2.66,137.7
DFG,TECHNOLOGY,-0.25,137.45
QXZ,RETAIL,2.42,58.87
SLW,ENERGY,2.87,79.84
QWE,TECHNOLOGY,0.78,233.44
WSB,RETAIL,0.12,8.84
SLW,ENERGY,7.11,86.95
ASD,FINANCIAL,0.75,72.3
KIN,ENERGY,0.3,3.52
UHN,FINANCIAL,0.86,444
BAC,FINANCIAL,-0.09,14.81
AMZN,TECHNOLOGY,-0.63,704.44
XTC,HEALTHCARE,-0.28,122.12
MMB,ENERGY,-1.04,14.24
ABC,RETAIL,-0.07,20.59
SAC,ENERGY,-0.1,27.12
VVS,ENERGY,-1.21,18.96
QXZ,FINANCIAL,0.6,228.09
AZL,HEALTHCARE,0.78,16.41
MJN,RETAIL,4.46,135.96
KFU,ENERGY,-3.61,40.37
AZL,HEALTHCARE,1.14,17.55
HJV,ENERGY,-28.12,265.33
BAC,FINANCIAL,0.33,15.14
PJN,RETAIL,-0.32,28.01
BNM,TECHNOLOGY,-0.24,175.32
KIN,ENERGY,-0.26,3.26
PJN,RETAIL,0.8,28.81
AMZN,TECHNOLOGY,-1.23,703.21
BNM,TECHNOLOGY,3,178.32
PPL,HEALTHCARE,-1.08,26.62
NGC,HEALTHCARE,0.21,5.42
HJV,ENERGY,-4.42,260.91
MJN,RETAIL,0.4,136.36
WMT,RETAIL,-0.84,67.6
UHN,FINANCIAL,9.06,453.06
MMB,ENERGY,0.56,14.8
AMZN,TECHNOLOGY,9.61,712.82
DEG,ENERGY,0.47,11.35
WFC,FINANCIAL,-1.29,45.69
JKL,TECHNOLOGY,-0.05,13.63
BNM,TECHNOLOGY,3.3,181.62
ALY,ENERGY,-9.07,92.21
UHN,FINANCIAL,8.95,462.01
BAC,FINANCIAL,-0.12,15.02
BNM,TECHNOLOGY,-3.49,178.13
KFU,ENERGY,3.52,43.89
MJN,RETAIL,2.1,138.46
BAC,FINANCIAL,-0.25,14.77
HJK,TECHNOLOGY,0.06,4.83
AAPL,TECHNOLOGY,-0.01,98.52
NFLX,TECHNOLOGY,-1.33,101.09
NFLX,TECHNOLOGY,0.27,101.36
NFLX,TECHNOLOGY,-0.25,101.11
SAC,ENERGY,2.21,29.33
CVB,TECHNOLOGY,0.55,52.26
TGT,RETAIL,0.54,76.68
QWE,TECHNOLOGY,1.77,235.21
XTC,HEALTHCARE,-0.03,122.09
BFH,RETAIL,-0.31,19.96
MMB,ENERGY,-0.73,14.07
KIN,ENERGY,0.02,3.28
JYB,HEALTHCARE,2.83,44.59
NGC,HEALTHCARE,-0.04,5.38
WMT,RETAIL,2.49,70.09
JKL,TECHNOLOGY,-0.27,13.36
TGT,RETAIL,3.51,80.19
KIN,ENERGY,0.28,3.56
QXZ,FINANCIAL,-4.08,224.01
CVB,TECHNOLOGY,0.61,52.87
ALY,ENERGY,-6.05,86.16
VVS,ENERGY,1.38,20.34
ABC,RETAIL,0.94,21.53
QXZ,RETAIL,-0.99,57.88
VVY,HEALTHCARE,-1.03,24.77
RFV,FINANCIAL,-0.69,48.5
NFLX,TECHNOLOGY,-1.62,99.49
JYB,HEALTHCARE,-1.88,42.71
PLM,FINANCIAL,-0.41,16.93
NFLX,TECHNOLOGY,1.75,101.24
BNM,TECHNOLOGY,-1.96,176.17
WSB,RETAIL,-0.37,8.47
AMZN,TECHNOLOGY,8.41,721.23
PLM,FINANCIAL,0.24,17.17
KIN,ENERGY,0.28,3.84
SLW,ENERGY,-5.6,81.35
QXZ,HEALTHCARE,4.11,84.8
VVY,HEALTHCARE,-0.17,24.6
PJN,RETAIL,-0.59,28.22
JYB,HEALTHCARE,-1.2,41.51
CVB,TECHNOLOGY,0.74,53.61
AMZN,TECHNOLOGY,4.23,725.46
NFLX,TECHNOLOGY,-1.05,100.19
HJV,ENERGY,-4.51,256.4
AAPL,TECHNOLOGY,-0.73,97.79
CRM,HEALTHCARE,-0.55,31.1
MMB,ENERGY,-0.67,13.4
SAC,ENERGY,2.59,31.92
ASD,FINANCIAL,0.61,72.91
PJN,RETAIL,-0.48,27.74
UHN,FINANCIAL,10.15,472.16
PLM,FINANCIAL,0.06,17.23
VVY,HEALTHCARE,-1.68,22.92
PJN,RETAIL,0.76,28.5
KIN,ENERGY,-0.33,3.51
JKL,TECHNOLOGY,-0.2,13.16
QXZ,HEALTHCARE,-3.06,81.74
BFH,RETAIL,-0.88,19.08
CVB,TECHNOLOGY,-0.42,53.19
CRM,HEALTHCARE,-1.48,29.62
KFU,ENERGY,-0.06,43.83
QXZ,FINANCIAL,-4.91,219.1
VVY,HEALTHCARE,-0.93,21.99
HJK,TECHNOLOGY,-0.07,4.76
PLM,FINANCIAL,-0.31,16.92
ABC,RETAIL,0.88,22.41
UHN,FINANCIAL,-6.2,465.96
ASD,FINANCIAL,-1.21,71.7
AAPL,TECHNOLOGY,-1.94,95.85
TGH,FINANCIAL,0.62,59.91
WAS,RETAIL,0.45,12.93
WSB,FINANCIAL,-3.06,111.47
VVS,ENERGY,0.01,20.35
RFV,FINANCIAL,-1.34,47.16
MMB,ENERGY,-0.36,13.04
AZL,HEALTHCARE,0,17.55
HJK,TECHNOLOGY,-0.05,4.71
SLW,ENERGY,5.05,86.4
ALY,ENERGY,7.53,93.69
SLW,ENERGY,-4.75,81.65
ASD,FINANCIAL,0.18,71.88
BAC,FINANCIAL,-0.3,14.47
ASD,FINANCIAL,1.93,73.81
AMZN,TECHNOLOGY,5.57,731.03
PJN,RETAIL,1.3,29.8
ASD,FINANCIAL,-1.74,72.07
VVY,HEALTHCARE,1.45,23.44
ABC,RETAIL,0.4,22.81
DEG,ENERGY,0.27,11.62
SED,HEALTHCARE,0.11,1.8
DFG,TECHNOLOGY,1.44,138.89
MMB,ENERGY,1.19,14.23
WFC,FINANCIAL,-1.27,44.42
BFH,RETAIL,0.72,19.8
QXZ,HEALTHCARE,1.91,83.65
HJK,TECHNOLOGY,0.06,4.77
AZL,HEALTHCARE,0.9,18.45
RFV,FINANCIAL,0.59,47.75
TGT,RETAIL,-1.7,78.49
NGC,HEALTHCARE,-0.26,5.12
DFT,RETAIL,0.03,98.94
RFV,FINANCIAL,1.27,49.02
NGC,HEALTHCARE,0.21,5.33
ABC,RETAIL,-0.51,22.3
ALY,ENERGY,6.7,100.39
CRM,HEALTHCARE,-0.89,28.73
CVB,TECHNOLOGY,-0.89,52.3
ALY,ENERGY,-8.89,91.5
BFH,RETAIL,0.55,20.35
PLM,FINANCIAL,-0.47,16.45
ALY,ENERGY,0,91.5
IOP,TECHNOLOGY,-1.8,108.23
JYB,HEALTHCARE,1.53,43.04
KFU,ENERGY,-2.65,41.18
IOP,TECHNOLOGY,-1.46,106.77
DFT,RETAIL,-1.41,97.53
BNM,TECHNOLOGY,-0.74,175.43
QWE,TECHNOLOGY,1.8,237.01
TGT,RETAIL,3.88,82.37
ASD,FINANCIAL,0.89,72.96
VVS,ENERGY,-0.83,19.52
PPL,HEALTHCARE,0.7,27.32
CRM,HEALTHCARE,1.75,30.48
AMZN,TECHNOLOGY,-14.08,716.95
BFH,RETAIL,-0.35,20
RFV,FINANCIAL,0.97,49.99
KIN,ENERGY,0.24,3.75
QXZ,HEALTHCARE,-4.81,78.84
XTC,HEALTHCARE,-8.12,113.97
TBV,HEALTHCARE,6.52,122.04
ALY,ENERGY,3.17,94.67
NFLX,TECHNOLOGY,-0.84,99.35
QAZ,FINANCIAL,2.58,153.91
XTC,HEALTHCARE,-6.33,107.64
TGT,RETAIL,-3.91,78.46
TBV,HEALTHCARE,4.49,126.53
BFH,RETAIL,-0.46,19.54
WAS,RETAIL,-0.51,12.42
PJN,RETAIL,-1.06,28.74
BNM,TECHNOLOGY,2.75,178.18
QXZ,RETAIL,-0.59,57.29
DFG,TECHNOLOGY,-0.72,138.17
SAC,ENERGY,-1.08,30.84
ABC,RETAIL,0.62,22.92
WSB,FINANCIAL,0.66,112.13
WFC,FINANCIAL,0.56,44.98
ABC,RETAIL,-0.07,22.85
NGC,HEALTHCARE,-0.14,5.19
VVS,ENERGY,0.34,19.86
BFH,RETAIL,0.89,20.43
QXZ,FINANCIAL,2.37,221.47
ASD,FINANCIAL,-1.58,71.38
ALY,ENERGY,-2.99,91.68
WSB,RETAIL,-0.09,8.38
BNM,TECHNOLOGY,-2.94,175.24
SLW,ENERGY,-6.42,75.23
NFS,ENERGY,2.62,125.87
RFV,FINANCIAL,-0.55,49.44
AAPL,TECHNOLOGY,0.65,96.5
AAPL,TECHNOLOGY,1.11,97.61
BFH,RETAIL,0.68,21.11
WMT,RETAIL,2.31,72.4
WFC,FINANCIAL,0.65,45.63
DFG,TECHNOLOGY,0.58,138.75
SAC,ENERGY,0.77,31.61
UHN,FINANCIAL,0.16,466.12
TGH,FINANCIAL,-1.64,58.27
BAC,FINANCIAL,0.07,14.54
VVY,HEALTHCARE,0.2,23.64
QWE,TECHNOLOGY,1.77,238.78
KIN,ENERGY,0.22,3.97
KFU,ENERGY,3.4,44.58
IOP,TECHNOLOGY,-2,104.77
JKL,TECHNOLOGY,-0.15,13.01
HJV,ENERGY,-3.17,253.23
AAPL,TECHNOLOGY,1.21,98.82
TBV,HEALTHCARE,3.03,129.56
BNM,TECHNOLOGY,-3.16,172.08
VVS,ENERGY,-0.63,19.23
HJK,TECHNOLOGY,-0.06,4.71
PLM,FINANCIAL,-0.16,16.29
CVB,TECHNOLOGY,0.36,52.66
AAPL,TECHNOLOGY,-0.39,98.43
TGT,RETAIL,3.58,82.04
CVB,TECHNOLOGY,0.6,53.26
QWE,TECHNOLOGY,0.97,239.75
WFC,FINANCIAL,-0.36,45.27
WAS,RETAIL,0.56,12.98
SAC,ENERGY,-2.89,28.72
DEG,ENERGY,-0.57,11.05
IOP,TECHNOLOGY,0.72,105.49
NFS,ENERGY,1.31,127.18
DFT,RETAIL,-1.97,95.56
NFLX,TECHNOLOGY,1.62,100.97
TBV,HEALTHCARE,-4.63,124.93
JKL,TECHNOLOGY,-0.2,12.81
QXZ,HEALTHCARE,-1.11,77.73
ABC,RETAIL,-0.48,22.37
QAZ,FINANCIAL,-3.84,150.07
QXZ,FINANCIAL,-4,217.47
BFH,RETAIL,0.34,21.45
KFU,ENERGY,-3.54,41.04
HJK,TECHNOLOGY,-0.07,4.64
QXZ,RETAIL,1.06,58.35
WSB,RETAIL,0.36,8.74
BFH,RETAIL,0.82,22.27
CRM,HEALTHCARE,0.42,30.9
WSB,RETAIL,-0.39,8.35
CVB,TECHNOLOGY,0.69,53.95
KFU,ENERGY,-0.38,40.66
AZL,HEALTHCARE,-0.53,17.92
WSB,FINANCIAL,0.75,112.88
QXZ,RETAIL,-1.55,56.8
MMB,ENERGY,-0.06,14.17
SAC,ENERGY,-0.72,28
QXZ,RETAIL,-1.8,55
CVB,TECHNOLOGY,-0.56,53.39
NGC,HEALTHCARE,0.17,5.36
PPL,HEALTHCARE,-0.81,26.51
JKL,TECHNOLOGY,0.15,12.96
UHN,FINANCIAL,7.03,473.15
BFH,RETAIL,-0.94,21.33
QXZ,HEALTHCARE,-4.87,72.86
VVY,HEALTHCARE,1.64,25.28
RFV,FINANCIAL,1.15,50.59
ALY,ENERGY,-8.19,83.49
VVY,HEALTHCARE,1.27,26.55
NFLX,TECHNOLOGY,-0.96,100.01
NFS,ENERGY,-3.49,123.69
WAS,RETAIL,-0.4,12.58
CVB,TECHNOLOGY,0.02,53.41
QXZ,RETAIL,-0.75,54.25
ASD,FINANCIAL,1.89,73.27
TGT,RETAIL,-1.57,80.47
PLM,FINANCIAL,-0.25,16.04
JKL,TECHNOLOGY,-0.19,12.77
WMT,RETAIL,-0.59,71.81
DFG,TECHNOLOGY,-1.15,137.6
BNM,TECHNOLOGY,-2.84,169.24
CVB,TECHNOLOGY,0.24,53.65
QXZ,HEALTHCARE,-0.47,72.39
AMZN,TECHNOLOGY,8.71,725.66
SLW,ENERGY,-7.51,67.72
QWE,TECHNOLOGY,-4.02,235.73
DFG,TECHNOLOGY,1.83,139.43
SED,HEALTHCARE,0.08,1.88
QXZ,RETAIL,-1.2,53.05
WSB,RETAIL,0.09,8.44
QXZ,FINANCIAL,-5.34,212.13
JKL,TECHNOLOGY,-0.25,12.52
TBV,HEALTHCARE,1.02,125.95
VVS,ENERGY,1.73,20.96
WMT,RETAIL,-3.52,68.29
JYB,HEALTHCARE,0.01,43.05
TGT,RETAIL,3.65,84.12
CVB,TECHNOLOGY,-0.02,53.63
CVB,TECHNOLOGY,0.84,54.47
PLM,FINANCIAL,-0.18,15.86
WSB,RETAIL,-0.12,8.32
TGH,FINANCIAL,-0.52,57.75
XTC,HEALTHCARE,-2.18,105.46
DFG,TECHNOLOGY,-2.17,137.26
SED,HEALTHCARE,0.09,1.97
DEG,ENERGY,-0.96,10.09
SED,HEALTHCARE,0.09,2.06
HJK,TECHNOLOGY,-0.03,4.61
TBV,HEALTHCARE,-5.35,120.6
WSB,RETAIL,-0.13,8.19
NGC,HEALTHCARE,-0.32,5.04
ABC,RETAIL,-0.03,22.34
BFH,RETAIL,0.89,22.22
ASD,FINANCIAL,-0.41,72.86
KFU,ENERGY,-3.02,37.64
AAPL,TECHNOLOGY,-1.19,97.24
DFT,RETAIL,2.01,97.57
HJV,ENERGY,25.03,278.26
NFLX,TECHNOLOGY,-1.46,98.55
JYB,HEALTHCARE,1.59,44.64
JYB,HEALTHCARE,0.09,44.73
TGH,FINANCIAL,0.08,57.83
ASD,FINANCIAL,-1.76,71.1
CVB,TECHNOLOGY,0.74,55.21
QXZ,FINANCIAL,-5.17,206.96
DEG,ENERGY,0.86,10.95
KIN,ENERGY,0.15,4.12
WSB,RETAIL,-0.05,8.14
QXZ,FINANCIAL,1.41,208.37
JYB,HEALTHCARE,0.15,44.88
KFU,ENERGY,-1.57,36.07
ABC,RETAIL,1.01,23.35
BFH,RETAIL,-1.06,21.16
HJK,TECHNOLOGY,0.09,4.7
CVB,TECHNOLOGY,-0.69,54.52
QWE,TECHNOLOGY,-3.53,232.2
UHN,FINANCIAL,-7.03,466.12
TGH,FINANCIAL,0.89,58.72
KIN,ENERGY,0.38,4.5
WSB,RETAIL,-0.41,7.73
QXZ,RETAIL,-0.6,52.45
QXZ,HEALTHCARE,1.85,74.24
QXZ,RETAIL,-2.44,50.01
QXZ,RETAIL,1.62,51.63
CRM,HEALTHCARE,1.39,32.29
DFG,TECHNOLOGY,0.57,137.83
ASD,FINANCIAL,-0.12,70.98
QAZ,FINANCIAL,-3.41,146.66
PLM,FINANCIAL,-0.21,15.65
QXZ,FINANCIAL,2.65,211.02
DFT,RETAIL,2.34,99.91
HJK,TECHNOLOGY,0.09,4.79
JKL,TECHNOLOGY,0.12,12.64
IOP,TECHNOLOGY,-1.75,103.74
TGH,FINANCIAL,-0.24,58.48
QXZ,HEALTHCARE,4.71,78.95
WFC,FINANCIAL,-1.2,44.07
WAS,RETAIL,-0.5,12.08
SED,HEALTHCARE,0.14,2.2
QXZ,HEALTHCARE,-0.25,78.7
BAC,FINANCIAL,-0.16,14.38
KIN,ENERGY,0.2,4.7
PJN,RETAIL,-0.11,28.63
JKL,TECHNOLOGY,0.21,12.85
QWE,TECHNOLOGY,0.67,232.87
ALY,ENERGY,-4.39,79.1
BAC,FINANCIAL,0.03,14.41
DFT,RETAIL,0.69,100.6
DFT,RETAIL,-2.91,97.69
ABC,RETAIL,0.31,23.66
DFG,TECHNOLOGY,2.15,139.98
DFT,RETAIL,-4.85,92.84
VVS,ENERGY,-1.67,19.29
TGT,RETAIL,2.39,86.51
VVS,ENERGY,-1.63,17.66
PJN,RETAIL,-0.4,28.23
PJN,RETAIL,-1.37,26.86
HJV,ENERGY,9.11,287.37
NFLX,TECHNOLOGY,1.87,100.42
NGC,HEALTHCARE,0.31,5.35
CRM,HEALTHCARE,1.69,33.98
WMT,RETAIL,-2,66.29
HJV,ENERGY,-16.73,270.64
ASD,FINANCIAL,-0.19,70.79
VVY,HEALTHCARE,-0.51,26.04
SAC,ENERGY,-2.59,25.41
AZL,HEALTHCARE,0.65,18.57
HJK,TECHNOLOGY,-0.05,4.74
QXZ,RETAIL,-1.78,49.85
BAC,FINANCIAL,0.37,14.78
WAS,RETAIL,-0.16,11.92
QXZ,RETAIL,1.67,51.52
WFC,FINANCIAL,-1.12,42.95
WSB,RETAIL,0.1,7.83
TBV,HEALTHCARE,-3.87,116.73
QXZ,FINANCIAL,0.7,211.72
ASD,FINANCIAL,-1.82,68.97
CVB,TECHNOLOGY,0.69,55.21
JYB,HEALTHCARE,-2.14,42.74
WMT,RETAIL,-0.75,65.54
RFV,FINANCIAL,0.63,51.22
MMB,ENERGY,0.17,14.34
HJV,ENERGY,25.04,295.68
WSB,FINANCIAL,2.86,115.74
QXZ,FINANCIAL,-3.17,208.55
AMZN,TECHNOLOGY,-1.29,724.37
WSB,FINANCIAL,2.97,118.71
ASD,FINANCIAL,1.87,70.84
CRM,HEALTHCARE,-0.33,33.65
JYB,HEALTHCARE,-1.55,41.19
MMB,ENERGY,-0.77,13.57
IOP,TECHNOLOGY,1.21,104.95
KFU,ENERGY,-2.86,33.21
PPL,HEALTHCARE,-0.16,26.35
BFH,RETAIL,-0.71,20.45
DFT,RETAIL,0.3,93.14
BNM,TECHNOLOGY,1.31,170.55
WAS,RETAIL,0.1,12.02
PJN,RETAIL,-1.06,25.8
HJK,TECHNOLOGY,-0.04,4.7
QXZ,FINANCIAL,-5.41,203.14
MMB,ENERGY,-1.14,12.43
NGC,HEALTHCARE,-0.03,5.32
VVS,ENERGY,-0.35,17.31
QXZ,HEALTHCARE,-2.71,75.99
IOP,TECHNOLOGY,1.71,106.66
TGH,FINANCIAL,-1.1,57.38
RFV,FINANCIAL,-0.9,50.32
PJN,RETAIL,-0.48,25.32
CVB,TECHNOLOGY,-0.72,54.49
SAC,ENERGY,1.61,27.02
HJV,ENERGY,-16.73,278.95
ABC,RETAIL,1.1,24.76
AZL,HEALTHCARE,-1.18,17.39
QWE,TECHNOLOGY,-0.64,232.23
QWE,TECHNOLOGY,-0.01,232.22
UHN,FINANCIAL,-12.11,454.01
ALY,ENERGY,-7.44,71.66
NFLX,TECHNOLOGY,1.38,101.8
PJN,RETAIL,-0.04,25.28
ASD,FINANCIAL,-0.23,70.61
TGT,RETAIL,-0.27,86.24
DFT,RETAIL,3.23,96.37
NGC,HEALTHCARE,-0.1,5.22
SED,HEALTHCARE,0.11,2.31
UHN,FINANCIAL,0.24,454.25
QWE,TECHNOLOGY,4.1,236.32
BAC,FINANCIAL,-0.32,14.46
DEG,ENERGY,0.39,11.34
KIN,ENERGY,-0.19,4.51
ALY,ENERGY,0.7,72.36
DFT,RETAIL,-3.91,92.46
PLM,FINANCIAL,0.16,15.81
AAPL,TECHNOLOGY,-1.55,95.69
SLW,ENERGY,-4.62,63.1
PPL,HEALTHCARE,-0.34,26.01
CRM,HEALTHCARE,-0.03,33.62
PPL,HEALTHCARE,-1.34,24.67
QXZ,RETAIL,-2.38,49.14
VVY,HEALTHCARE,0.44,26.48
PLM,FINANCIAL,0.33,16.14
QWE,TECHNOLOGY,-3.08,233.24
JYB,HEALTHCARE,-1.25,39.94
CVB,TECHNOLOGY,0.24,54.73
BFH,RETAIL,0.59,21.04
HJV,ENERGY,-5.06,273.89
TGT,RETAIL,-2.22,84.02
NGC,HEALTHCARE,0.23,5.45
VVY,HEALTHCARE,1.3,27.78
NFLX,TECHNOLOGY,-0.27,101.53
JKL,TECHNOLOGY,0.19,13.04
DEG,ENERGY,-0.1,11.24
PLM,FINANCIAL,-0.24,15.9
BAC,FINANCIAL,0.32,14.78
WSB,RETAIL,-0.03,7.8
DEG,ENERGY,-0.15,11.09
TGH,FINANCIAL,1.21,58.59
TGH,FINANCIAL,1.02,59.61
DFT,RETAIL,2.83,95.29
QXZ,HEALTHCARE,-4.63,71.36
RFV,FINANCIAL,-0.13,50.19
PPL,HEALTHCARE,0.42,25.09
ABC,RETAIL,0.22,24.98
AZL,HEALTHCARE,0.5,17.89
CVB,TECHNOLOGY,0.28,55.01
VVY,HEALTHCARE,1.34,29.12
QXZ,HEALTHCARE,-3.79,67.57
PPL,HEALTHCARE,0.39,25.48
QXZ,FINANCIAL,4.54,207.68
PJN,RETAIL,-1.06,24.22
WAS,RETAIL,-0.19,11.83
WFC,FINANCIAL,-0.19,42.76
AMZN,TECHNOLOGY,6.98,731.35
QWE,TECHNOLOGY,-3.04,230.2
VVS,ENERGY,0.68,17.99
HJV,ENERGY,-5.52,268.37
QWE,TECHNOLOGY,-3.42,226.78
AAPL,TECHNOLOGY,1.16,96.85
QXZ,RETAIL,0.73,49.87
MMB,ENERGY,0.45,12.88
BNM,TECHNOLOGY,2.43,172.98
IOP,TECHNOLOGY,0.42,107.08
CVB,TECHNOLOGY,0.55,55.56
JKL,TECHNOLOGY,-0.13,12.91
DFT,RETAIL,-0.89,94.4
QXZ,FINANCIAL,-1.38,206.3
MMB,ENERGY,-1,11.88
WAS,RETAIL,0.27,12.1
NFS,ENERGY,9.34,133.03
KFU,ENERGY,-1.61,31.6
QAZ,FINANCIAL,1.01,147.67
QXZ,HEALTHCARE,0.23,67.8
QXZ,RETAIL,-1.88,47.99
JYB,HEALTHCARE,2.78,42.72
RFV,FINANCIAL,0.7,50.89
SAC,ENERGY,1.19,28.21
QXZ,RETAIL,1.74,49.73
NGC,HEALTHCARE,-0.17,5.28
SLW,ENERGY,4.16,67.26
TGH,FINANCIAL,-1.53,58.08
KFU,ENERGY,-2.08,29.52
NGC,HEALTHCARE,-0.34,4.94
MJN,RETAIL,4.46,142.92
WMT,RETAIL,-0.85,64.69
QXZ,HEALTHCARE,-0.46,67.34
WSB,FINANCIAL,0.93,119.64
ASD,FINANCIAL,-1.39,69.22
BAC,FINANCIAL,-0.03,14.75
JYB,HEALTHCARE,-1.82,40.9
JYB,HEALTHCARE,-2.27,38.63
WAS,RETAIL,0,12.1
QAZ,FINANCIAL,1.59,149.26
SLW,ENERGY,1.41,68.67
AZL,HEALTHCARE,0.8,18.69
JKL,TECHNOLOGY,-0.09,12.82
WFC,FINANCIAL,0.76,43.52
RFV,FINANCIAL,-0.86,50.03
KFU,ENERGY,-2.32,27.2
JKL,TECHNOLOGY,0.04,12.86
BAC,FINANCIAL,0.04,14.79
RFV,FINANCIAL,-0.87,49.16
JYB,HEALTHCARE,0.91,39.54
CVB,TECHNOLOGY,0.98,56.54
QXZ,FINANCIAL,0.46,206.76
WMT,RETAIL,0.35,65.04
TGT,RETAIL,-0.46,83.56
MMB,ENERGY,-0.81,11.07
VVS,ENERGY,0.08,18.07
VVY,HEALTHCARE,0.47,29.59
SED,HEALTHCARE,0.14,2.45
PJN,RETAIL,0.76,24.98
WSB,RETAIL,-0.36,7.44
HJV,ENERGY,-23.72,244.65
VVY,HEALTHCARE,0.54,30.13
QXZ,FINANCIAL,0.71,207.47
SLW,ENERGY,5.49,74.16
BNM,TECHNOLOGY,-1.94,171.04
PJN,RETAIL,0.07,25.05
AZL,HEALTHCARE,-0.71,17.98
AMZN,TECHNOLOGY,4.52,735.87
BFH,RETAIL,0.34,21.38
XTC,HEALTHCARE,0.48,105.94
BFH,RETAIL,0.29,21.67
WAS,RETAIL,0.33,12.43
QAZ,FINANCIAL,3.63,152.89
DFT,RETAIL,-1.94,92.46
DEG,ENERGY,0,11.09
VVS,ENERGY,0.78,18.85
BFH,RETAIL,-0.88,20.79
PPL,HEALTHCARE,0.68,26.16
PJN,RETAIL,0.34,25.39
TGT,RETAIL,-2.77,80.79
DEG,ENERGY,-0.46,10.63
RFV,FINANCIAL,0.29,49.45
NGC,HEALTHCARE,0,4.94
HJV,ENERGY,3.59,248.24
XTC,HEALTHCARE,-6.67,99.27
QXZ,FINANCIAL,-3.69,203.78
SED,HEALTHCARE,0.13,2.58
QAZ,FINANCIAL,-1.25,151.64
DEG,ENERGY,-0.16,10.47
NFS,ENERGY,2.16,135.19
JKL,TECHNOLOGY,0,12.86
SED,HEALTHCARE,0,2.58
QXZ,RETAIL,0.24,49.97
HJK,TECHNOLOGY,-0.03,4.67
UHN,FINANCIAL,-6.28,447.97
NFLX,TECHNOLOGY,0.09,101.62
BAC,FINANCIAL,-0.23,14.56
HJK,TECHNOLOGY,-0.09,4.58
KFU,ENERGY,1.64,28.84
PPL,HEALTHCARE,-1.59,24.57
ASD,FINANCIAL,-0.78,68.44
NFLX,TECHNOLOGY,1.9,103.52
PJN,RETAIL,1.13,26.52
PJN,RETAIL,-0.85,25.67
QAZ,FINANCIAL,-3.06,148.58
PPL,HEALTHCARE,-1.7,22.87
TBV,HEALTHCARE,-0.15,116.58
SAC,ENERGY,-2.62,25.59
TGH,FINANCIAL,-0.45,57.63
VVY,HEALTHCARE,1.87,32
SLW,ENERGY,1.16,75.32
DFT,RETAIL,2.66,95.12
QWE,TECHNOLOGY,0.7,227.48
JYB,HEALTHCARE,-2.28,37.26
ABC,RETAIL,-0.4,24.58
WSB,RETAIL,0,7.44
DFG,TECHNOLOGY,-0.57,139.41
DEG,ENERGY,0.19,10.66
TGT,RETAIL,-3.73,77.06
CRM,HEALTHCARE,-0.78,32.84
DEG,ENERGY,1.04,11.7
TGH,FINANCIAL,-1.21,56.42
MJN,RETAIL,3.6,146.52
JYB,HEALTHCARE,-0.47,36.79
SLW,ENERGY,-3.03,72.29
AAPL,TECHNOLOGY,0.39,97.24
QWE,TECHNOLOGY,-3.94,223.54
ABC,RETAIL,0.29,24.87
XTC,HEALTHCARE,-0.17,99.1
KIN,ENERGY,0.19,4.7
DFG,TECHNOLOGY,2.31,141.72
QAZ,FINANCIAL,0.5,149.08
TGT,RETAIL,-3.48,73.58
SLW,ENERGY,4.04,76.33
BAC,FINANCIAL,-0.32,14.24
DFG,TECHNOLOGY,-2.17,139.55
AZL,HEALTHCARE,-0.2,17.78
CVB,TECHNOLOGY,0.24,56.78
ALY,ENERGY,-0.33,72.03
SAC,ENERGY,1.74,27.33
CVB,TECHNOLOGY,-0.82,55.96
DFT,RETAIL,-3.66,91.46
ALY,ENERGY,7.11,79.14
PLM,FINANCIAL,-0.04,15.86
TGT,RETAIL,3.03,76.61
XTC,HEALTHCARE,5.72,104.82
NFS,ENERGY,-12.86,122.33
PPL,HEALTHCARE,-1.42,21.45
HJV,ENERGY,16.99,265.23
DFT,RETAIL,2.27,93.73
XTC,HEALTHCARE,-3.59,101.23
ALY,ENERGY,4,83.14
XTC,HEALTHCARE,-2.82,98.41
CRM,HEALTHCARE,0.28,33.12
KIN,ENERGY,0.02,4.72
XTC,HEALTHCARE,-0.65,97.76
UHN,FINANCIAL,0.13,448.1
XTC,HEALTHCARE,-3.43,94.33
WFC,FINANCIAL,-0.05,43.47
BAC,FINANCIAL,0.25,14.49
QXZ,HEALTHCARE,2.58,69.92
NFLX,TECHNOLOGY,-1.6,101.92
QWE,TECHNOLOGY,2.84,226.38
WFC,FINANCIAL,-1.29,42.18
VVS,ENERGY,-1.6,17.25
WFC,FINANCIAL,1.25,43.43
AMZN,TECHNOLOGY,5.28,741.15
AZL,HEALTHCARE,0.22,18
JYB,HEALTHCARE,1.76,38.55
BAC,FINANCIAL,-0.3,14.19
QXZ,RETAIL,-0.6,49.37
WFC,FINANCIAL,-1.28,42.15
KFU,ENERGY,2.86,31.7
TBV,HEALTHCARE,-3.58,113
WFC,FINANCIAL,0.54,42.69
WFC,FINANCIAL,0.49,43.18
VVS,ENERGY,1.55,18.8
NFS,ENERGY,7.1,129.43
SED,HEALTHCARE,0.13,2.71
XTC,HEALTHCARE,-1.12,93.21
WSB,RETAIL,0.28,7.72
SAC,ENERGY,-1.91,25.42
TGH,FINANCIAL,-0.43,55.99
KFU,ENERGY,0.63,32.33
HJV,ENERGY,23.65,288.88
HJV,ENERGY,16.54,305.42
BAC,FINANCIAL,-0.03,14.16
HJK,TECHNOLOGY,0.05,4.63
SLW,ENERGY,6.73,83.06
WSB,RETAIL,0,7.72
ASD,FINANCIAL,-1.76,66.68
ABC,RETAIL,-0.49,24.38
AMZN,TECHNOLOGY,4.61,745.76
QAZ,FINANCIAL,-0.5,148.58
NGC,HEALTHCARE,0.21,5.15
BNM,TECHNOLOGY,-0.62,170.42
SED,HEALTHCARE,0.18,2.89
DEG,ENERGY,-0.63,11.07
QWE,TECHNOLOGY,-1.15,225.23
ASD,FINANCIAL,-1.67,65.01
VVS,ENERGY,-1.1,17.7
VVS,ENERGY,1.53,19.23
JKL,TECHNOLOGY,0.23,13.09
SLW,ENERGY,-5.11,77.95
AZL,HEALTHCARE,0.58,18.58
NGC,HEALTHCARE,0.06,5.21
MMB,ENERGY,-0.38,10.69
VVY,HEALTHCARE,-1.03,30.97
ABC,RETAIL,0.06,24.44
NFLX,TECHNOLOGY,-0.11,101.81
SAC,ENERGY,-1.05,24.37
ALY,ENERGY,-0.47,82.67
QXZ,HEALTHCARE,2.04,71.96
BNM,TECHNOLOGY,0.29,170.71
CVB,TECHNOLOGY,0.4,56.36
VVY,HEALTHCARE,-2.05,28.92
SED,HEALTHCARE,-0.19,2.7
XTC,HEALTHCARE,-5.98,87.23
NGC,HEALTHCARE,0.07,5.28
HJV,ENERGY,-16.8,288.62
BAC,FINANCIAL,-0.33,13.83
QWE,TECHNOLOGY,-0.59,224.64
TGT,RETAIL,1.97,78.58
BAC,FINANCIAL,0.05,13.88
SAC,ENERGY,1.58,25.95
AAPL,TECHNOLOGY,-1.55,95.69
WSB,RETAIL,-0.25,7.47
SED,HEALTHCARE,0.18,2.88
RFV,FINANCIAL,-1.23,48.22
JYB,HEALTHCARE,-2.38,36.17
DEG,ENERGY,0.04,11.11
QAZ,FINANCIAL,2.09,150.67
JYB,HEALTHCARE,-1.71,34.46
ABC,RETAIL,0.89,25.33
BNM,TECHNOLOGY,-0.41,170.3
KFU,ENERGY,0.29,32.62
PLM,FINANCIAL,0.27,16.13
CRM,HEALTHCARE,-0.71,32.41
HJV,ENERGY,22.08,310.7
QXZ,HEALTHCARE,1.86,73.82
JYB,HEALTHCARE,2.11,36.57
KIN,ENERGY,-0.07,4.65
BFH,RETAIL,-0.76,20.03
AZL,HEALTHCARE,0.05,18.63
WAS,RETAIL,0.46,12.89
MMB,ENERGY,-0.06,10.63
BFH,RETAIL,-0.12,19.91
PPL,HEALTHCARE,0.56,22.01
CRM,HEALTHCARE,1.94,34.35
WMT,RETAIL,-1.68,63.36
QXZ,RETAIL,-1.51,47.86
BAC,FINANCIAL,-0.33,13.55
PPL,HEALTHCARE,0.98,22.99
WSB,RETAIL,0.03,7.5
ABC,RETAIL,-1.02,24.31
HJV,ENERGY,2.41,313.11
BAC,FINANCIAL,0.11,13.66
PLM,FINANCIAL,-0.3,15.83
RFV,FINANCIAL,0.83,49.05
CVB,TECHNOLOGY,0.14,56.5
ALY,ENERGY,-7.36,75.31
BNM,TECHNOLOGY,2.11,172.41
DFT,RETAIL,3.56,97.29
WSB,RETAIL,-0.14,7.36
CRM,HEALTHCARE,0.3,34.65
UHN,FINANCIAL,-1.85,446.25
CRM,HEALTHCARE,-0.86,33.79
HJV,ENERGY,21.11,334.22
CVB,TECHNOLOGY,-0.76,55.74
TGT,RETAIL,3.52,82.1
QAZ,FINANCIAL,2.9,153.57
AMZN,TECHNOLOGY,3.42,749.18
PJN,RETAIL,-0.78,24.89
JKL,TECHNOLOGY,0.21,13.3
ABC,RETAIL,-0.5,23.81
WSB,RETAIL,-0.07,7.29
IOP,TECHNOLOGY,-0.34,106.74
PLM,FINANCIAL,0.02,15.85
WSB,FINANCIAL,-0.45,119.19
NGC,HEALTHCARE,-0.05,5.23
DFT,RETAIL,2.94,100.23
TGH,FINANCIAL,0.36,56.35
JKL,TECHNOLOGY,-0.1,13.2
HJK,TECHNOLOGY,-0.03,4.6
CRM,HEALTHCARE,-2.04,31.75
PPL,HEALTHCARE,-0.64,22.35
SLW,ENERGY,4.1,82.05
VVS,ENERGY,0.42,19.65
DFT,RETAIL,-5,95.23
XTC,HEALTHCARE,-3.22,84.01
UHN,FINANCIAL,-11.72,434.53
PLM,FINANCIAL,-0.41,15.44
WSB,FINANCIAL,-1.44,117.75
ALY,ENERGY,1.85,77.16
HJV,ENERGY,-21.83,312.39
KIN,ENERGY,-0.46,4.19
WSB,FINANCIAL,-0.69,117.06
VVS,ENERGY,0.43,20.08
CVB,TECHNOLOGY,0.05,55.79
NGC,HEALTHCARE,-0.08,5.15
NFLX,TECHNOLOGY,1.88,103.69
RFV,FINANCIAL,-1.37,47.68
ALY,ENERGY,-4.69,72.47
NFS,ENERGY,12.13,141.56
TBV,HEALTHCARE,-5.22,107.78
DEG,ENERGY,-1.08,10.03
ABC,RETAIL,-0.8,23.01
WFC,FINANCIAL,0.5,43.68
BAC,FINANCIAL,-0.37,13.29
AZL,HEALTHCARE,-1.09,17.54
BFH,RETAIL,-0.79,19.12
UHN,FINANCIAL,-6.04,428.49
VVY,HEALTHCARE,-0.84,28.08
MMB,ENERGY,-0.33,10.3
QXZ,HEALTHCARE,-3.55,70.27
PJN,RETAIL,0.41,25.3
VVY,HEALTHCARE,-1.05,27.03
QXZ,HEALTHCARE,4.12,74.39
QXZ,RETAIL,1.61,49.47
HJV,ENERGY,-7.95,304.44
MMB,ENERGY,0.3,10.6
KIN,ENERGY,0.08,4.27
PJN,RETAIL,-0.94,24.36
ABC,RETAIL,1.09,24.1
AAPL,TECHNOLOGY,0.32,96.01
SAC,ENERGY,0.96,26.91
QXZ,HEALTHCARE,0.76,75.15
WFC,FINANCIAL,0.11,43.79
DEG,ENERGY,-0.55,9.48
PPL,HEALTHCARE,0.32,22.67
ABC,RETAIL,0.93,25.03
QAZ,FINANCIAL,-0.01,153.56
NFLX,TECHNOLOGY,-0.61,103.08
JYB,HEALTHCARE,-1.53,35.04
KFU,ENERGY,-0.7,31.92
WSB,RETAIL,-0.02,7.27
QXZ,RETAIL,2.06,51.53
KIN,ENERGY,0.33,4.6
NFLX,TECHNOLOGY,-1.04,102.04
MJN,RETAIL,7.2,153.72
KIN,ENERGY,-0.36,4.24
NGC,HEALTHCARE,-0.22,4.93
DEG,ENERGY,-0.71,8.77
SLW,ENERGY,-1.55,80.5
WFC,FINANCIAL,-0.92,42.87
ABC,RETAIL,-0.71,24.32
HJV,ENERGY,-29.18,275.26
MMB,ENERGY,-0.38,10.22
WSB,FINANCIAL,1.03,118.09
WMT,RETAIL,0.75,64.11
WSB,FINANCIAL,-2.69,115.4
QWE,TECHNOLOGY,-1.15,223.49
AZL,HEALTHCARE,-0.65,16.89
WSB,FINANCIAL,-0.98,114.42
SAC,ENERGY,-2.34,24.57
HJV,ENERGY,4.84,280.1
WSB,RETAIL,0.3,7.57
JYB,HEALTHCARE,1.33,36.37
TGT,RETAIL,-0.31,81.79
NFS,ENERGY,4.1,145.66
NFLX,TECHNOLOGY,-1.5,100.54
PJN,RETAIL,0.85,25.21
AAPL,TECHNOLOGY,-0.6,95.41
UHN,FINANCIAL,-2.53,425.96
QXZ,FINANCIAL,3.19,206.97
TBV,HEALTHCARE,-4.14,103.64
TBV,HEALTHCARE,6.78,110.42
AAPL,TECHNOLOGY,1.09,96.5
DEG,ENERGY,0.43,9.2
SED,HEALTHCARE,0.03,2.91
IOP,TECHNOLOGY,-1.07,105.67
KFU,ENERGY,0.94,32.86
DEG,ENERGY,-0.68,8.52
MJN,RETAIL,-4.76,148.96
IOP,TECHNOLOGY,-0.19,105.48
HJK,TECHNOLOGY,0.01,4.61
WSB,RETAIL,-0.17,7.4
SAC,ENERGY,-1.02,23.55
HJK,TECHNOLOGY,-0.05,4.56
HJV,ENERGY,-27.86,252.24
AMZN,TECHNOLOGY,-4.8,744.38
QWE,TECHNOLOGY,2.58,226.07
QXZ,RETAIL,0.23,51.76
SAC,ENERGY,-1.75,21.8
RFV,FINANCIAL,0.33,48.01
IOP,TECHNOLOGY,0.73,106.21
CVB,TECHNOLOGY,0.11,55.9
ASD,FINANCIAL,0.69,65.7
HJV,ENERGY,-11.67,240.57
NFS,ENERGY,0.89,146.55
TBV,HEALTHCARE,6.55,116.97
WAS,RETAIL,-0.17,12.72
MJN,RETAIL,1.32,150.28
CRM,HEALTHCARE,1.8,33.55
DEG,ENERGY,-0.09,8.43
QXZ,RETAIL,-0.39,51.37
QXZ,HEALTHCARE,4.7,79.85
XTC,HEALTHCARE,-1.62,82.39
UHN,FINANCIAL,7.6,433.56
DFG,TECHNOLOGY,-2.35,137.2
HJV,ENERGY,11.99,252.56
VVY,HEALTHCARE,1.41,28.44
QAZ,FINANCIAL,-2.03,151.53
DFG,TECHNOLOGY,0.29,137.49
KIN,ENERGY,0.06,4.3
QAZ,FINANCIAL,1.04,152.57
ASD,FINANCIAL,1.89,67.59
MJN,RETAIL,-1.21,149.07
TBV,HEALTHCARE,-2.88,114.09
CRM,HEALTHCARE,0.29,33.84
MMB,ENERGY,0.56,10.78
VVS,ENERGY,-1.44,18.64
QXZ,RETAIL,2.52,53.89
BAC,FINANCIAL,-0.19,13.1
HJK,TECHNOLOGY,-0.08,4.48
MMB,ENERGY,0.48,11.26
DFG,TECHNOLOGY,-1.1,136.39
HJK,TECHNOLOGY,0.06,4.54
TGT,RETAIL,-2.55,79.24
KIN,ENERGY,0.39,4.69
ALY,ENERGY,-4.23,68.24
SED,HEALTHCARE,-0.1,2.81
TGH,FINANCIAL,0.56,56.91
HJK,TECHNOLOGY,-0.02,4.52
VVY,HEALTHCARE,-1.52,26.92
IOP,TECHNOLOGY,-1,105.21
IOP,TECHNOLOGY,-1.75,103.46
WAS,RETAIL,-0.56,12.16
BNM,TECHNOLOGY,1.05,173.46
XTC,HEALTHCARE,-4.11,78.28
AAPL,TECHNOLOGY,0.69,97.19
WSB,FINANCIAL,1.02,115.44
HJV,ENERGY,-7.93,244.63
JKL,TECHNOLOGY,0.11,13.31
CVB,TECHNOLOGY,-0.97,54.93
NGC,HEALTHCARE,-0.15,4.78
VVY,HEALTHCARE,-1.85,25.07
HJV,ENERGY,-16.81,227.82
XTC,HEALTHCARE,-1.92,76.36
WSB,FINANCIAL,1.08,116.52
QAZ,FINANCIAL,-1.81,150.76
KFU,ENERGY,-0.56,32.3
ABC,RETAIL,0.75,25.07
AZL,HEALTHCARE,-0.42,16.47
PLM,FINANCIAL,-0.31,15.13
MJN,RETAIL,7.02,156.09
NFS,ENERGY,-11.08,135.47
NGC,HEALTHCARE,0.2,4.98
HJK,TECHNOLOGY,-0.02,4.5
VVS,ENERGY,-1.29,17.35
BNM,TECHNOLOGY,2.85,176.31
BNM,TECHNOLOGY,-1.71,174.6
QXZ,FINANCIAL,0.4,207.37
QXZ,FINANCIAL,-4.97,202.4
NFLX,TECHNOLOGY,0.08,100.62
CRM,HEALTHCARE,-1.48,32.36
BAC,FINANCIAL,0.11,13.21
DFT,RETAIL,3.82,99.05
PLM,FINANCIAL,-0.39,14.74
QXZ,HEALTHCARE,1.78,81.63
VVS,ENERGY,-1.49,15.86
JYB,HEALTHCARE,-0.25,36.12
SED,HEALTHCARE,0.1,2.91
MMB,ENERGY,-0.32,10.94
KIN,ENERGY,-0.31,4.38
QWE,TECHNOLOGY,-0.8,225.27
SED,HEALTHCARE,-0.01,2.9
BAC,FINANCIAL,-0.1,13.11
ABC,RETAIL,0.02,25.09
SED,HEALTHCARE,0.13,3.03
WFC,FINANCIAL,1.08,43.95
ASD,FINANCIAL,-0.45,67.14
HJK,TECHNOLOGY,-0.04,4.46
WAS,RETAIL,0.43,12.59
ABC,RETAIL,0.87,25.96
DEG,ENERGY,-0.63,7.8
SAC,ENERGY,1.88,23.68
TGT,RETAIL,3.86,83.1
IOP,TECHNOLOGY,-1.55,101.91
MJN,RETAIL,6.69,162.78
JKL,TECHNOLOGY,0.06,13.37
AAPL,TECHNOLOGY,-1.61,95.58
NFLX,TECHNOLOGY,-0.59,100.03
TGH,FINANCIAL,0.74,57.65
WAS,RETAIL,-0.5,12.09
VVY,HEALTHCARE,-1.49,23.58
CRM,HEALTHCARE,-0.61,31.75
TBV,HEALTHCARE,-5.77,108.32
DFT,RETAIL,-4.37,94.68
PPL,HEALTHCARE,-0.64,22.03
BAC,FINANCIAL,-0.01,13.1
HJV,ENERGY,3.78,231.6
WMT,RETAIL,-2.51,61.6
WAS,RETAIL,0.45,12.54
SED,HEALTHCARE,0.11,3.14
KIN,ENERGY,0.01,4.39
QXZ,RETAIL,1.42,55.31
ABC,RETAIL,0.17,26.13
VVY,HEALTHCARE,1.57,25.15
CVB,TECHNOLOGY,0.49,55.42
HJK,TECHNOLOGY,-0.03,4.43
BFH,RETAIL,0.55,19.67
VVY,HEALTHCARE,0.1,25.25
ASD,FINANCIAL,0.2,67.34
CVB,TECHNOLOGY,0.94,56.36
PLM,FINANCIAL,0.3,15.04
WMT,RETAIL,2.08,63.68
CVB,TECHNOLOGY,0.1,56.46
QXZ,HEALTHCARE,-4.71,76.92
WFC,FINANCIAL,-1.01,42.94
HJV,ENERGY,-22.8,208.8
SAC,ENERGY,0.37,24.05
BNM,TECHNOLOGY,-2.72,171.88
NFS,ENERGY,4.36,139.83
QXZ,RETAIL,-2.72,52.59
XTC,HEALTHCARE,1.82,78.18
JYB,HEALTHCARE,1.2,37.32
WFC,FINANCIAL,-0.6,42.34
SED,HEALTHCARE,0.14,3.28
MMB,ENERGY,0.41,11.35
PLM,FINANCIAL,0.37,15.41
NFLX,TECHNOLOGY,-1.34,98.69
BNM,TECHNOLOGY,2.48,174.36
CVB,TECHNOLOGY,1.11,57.57
QXZ,FINANCIAL,5.83,208.23
PLM,FINANCIAL,-0.21,15.2
JKL,TECHNOLOGY,0.17,13.54
KFU,ENERGY,-1.79,30.51
ABC,RETAIL,-0.91,25.22
AZL,HEALTHCARE,-0.44,16.03
KIN,ENERGY,-0.22,4.17
IOP,TECHNOLOGY,-0.43,101.48
CVB,TECHNOLOGY,0.76,58.33
WSB,FINANCIAL,0.55,117.07
JKL,TECHNOLOGY,-0.11,13.43
ASD,FINANCIAL,-0.29,67.05
QXZ,FINANCIAL,-2.13,206.1
ALY,ENERGY,-4.23,64.01
TGH,FINANCIAL,-1.59,56.06
RFV,FINANCIAL,-0.73,47.28
ABC,RETAIL,0.2,25.42
WFC,FINANCIAL,0.65,42.99
ASD,FINANCIAL,0.8,67.85
IOP,TECHNOLOGY,0.49,101.97
HJK,TECHNOLOGY,0.06,4.49
WMT,RETAIL,-0.69,62.99
WAS,RETAIL,0.56,13.1
WSB,RETAIL,-0.05,7.35
WSB,FINANCIAL,0.85,117.92
PPL,HEALTHCARE,-0.29,21.74
BNM,TECHNOLOGY,2.99,177.35
AAPL,TECHNOLOGY,0.01,95.59
IOP,TECHNOLOGY,-0.04,101.93
WFC,FINANCIAL,-1.18,41.81
KFU,ENERGY,2.46,32.97
NGC,HEALTHCARE,0.08,5.06
WAS,RETAIL,-0.57,12.53
MMB,ENERGY,-0.93,10.42
HJV,ENERGY,20.37,229.17
DEG,ENERGY,0.04,7.84
ABC,RETAIL,0.73,26.15
ABC,RETAIL,-1.25,24.9
IOP,TECHNOLOGY,-2,99.93
XTC,HEALTHCARE,0.42,78.6
SAC,ENERGY,2.36,26.41
KIN,ENERGY,-0.36,3.81
PLM,FINANCIAL,-0.03,15.17
KIN,ENERGY,0.33,4.14
ASD,FINANCIAL,-0.62,67.23
QXZ,FINANCIAL,4.96,211.06
KFU,ENERGY,1.91,34.88
TBV,HEALTHCARE,6.99,115.31
TGT,RETAIL,-2.04,81.06
DEG,ENERGY,0.69,8.53
PPL,HEALTHCARE,1.15,22.89
DEG,ENERGY,0.06,8.59
MJN,RETAIL,4.75,167.53
VVY,HEALTHCARE,-0.54,24.71
AMZN,TECHNOLOGY,13.48,757.86
SAC,ENERGY,-0.77,25.64
KIN,ENERGY,-0.37,3.77
KFU,ENERGY,-0.27,34.61
WSB,FINANCIAL,1.77,119.69
WSB,FINANCIAL,-1.03,118.66
IOP,TECHNOLOGY,0.96,100.89
BFH,RETAIL,0.88,20.55
ASD,FINANCIAL,-1.89,65.34
WSB,FINANCIAL,-3.25,115.41
ABC,RETAIL,-0.95,23.95
DEG,ENERGY,0.51,9.1
AZL,HEALTHCARE,-0.87,15.16
VVS,ENERGY,0.31,16.17
CRM,HEALTHCARE,-1,30.75
WAS,RETAIL,0.5,13.03
NGC,HEALTHCARE,0.23,5.29
DFG,TECHNOLOGY,-1.1,135.29
PJN,RETAIL,-0.36,24.85
AZL,HEALTHCARE,-0.06,15.1
PJN,RETAIL,-0.7,24.15
QXZ,RETAIL,1.59,54.18
XTC,HEALTHCARE,-1.53,77.07
NFS,ENERGY,9.72,149.55
CRM,HEALTHCARE,-1.9,28.85
XTC,HEALTHCARE,5.01,82.08
WFC,FINANCIAL,0.57,42.38
WFC,FINANCIAL,-0.19,42.19
MJN,RETAIL,0.65,168.18
SLW,ENERGY,-5.07,75.43
HJK,TECHNOLOGY,0.07,4.56
ABC,RETAIL,0.04,23.99
AMZN,TECHNOLOGY,4.99,762.85
DFG,TECHNOLOGY,2.61,137.9
AZL,HEALTHCARE,-0.97,14.13
PLM,FINANCIAL,0.05,15.22
WFC,FINANCIAL,0.13,42.32
NFLX,TECHNOLOGY,-1.39,97.3
ABC,RETAIL,-0.38,23.61
VVS,ENERGY,-1.6,14.57
SAC,ENERGY,-1.43,24.21
WAS,RETAIL,0.51,13.54
TBV,HEALTHCARE,1.96,117.27
AMZN,TECHNOLOGY,-14.48,748.37
DFT,RETAIL,2.96,97.64
DFG,TECHNOLOGY,1.3,139.2
PJN,RETAIL,0.87,25.02
ABC,RETAIL,-1.02,22.59
NFS,ENERGY,-0.03,149.52
SLW,ENERGY,5.2,80.63
WAS,RETAIL,0.47,14.01
VVS,ENERGY,0.47,15.04
DFT,RETAIL,3.26,100.9
TBV,HEALTHCARE,-7.6,109.67
JKL,TECHNOLOGY,-0.11,13.32
JKL,TECHNOLOGY,0.12,13.44
XTC,HEALTHCARE,-4.42,77.66
QAZ,FINANCIAL,1.45,152.21
CRM,HEALTHCARE,-1.12,27.73
WSB,FINANCIAL,-0.13,115.28
WFC,FINANCIAL,-0.86,41.46
DFT,RETAIL,-2.8,98.1
PJN,RETAIL,-0.83,24.19
AZL,HEALTHCARE,-0.88,13.25
SLW,ENERGY,-3.73,76.9
UHN,FINANCIAL,-2.13,431.43
JKL,TECHNOLOGY,0.04,13.48
DFG,TECHNOLOGY,2.46,141.66
WSB,FINANCIAL,1.41,116.69
VVS,ENERGY,-0.86,14.18
BAC,FINANCIAL,-0.32,12.78
PPL,HEALTHCARE,-0.23,22.66
AAPL,TECHNOLOGY,-0.57,95.02
JYB,HEALTHCARE,0.27,37.59
WSB,RETAIL,-0.18,7.17
AMZN,TECHNOLOGY,1.83,750.2
JKL,TECHNOLOGY,0.22,13.7
HJV,ENERGY,6.6,235.77
CRM,HEALTHCARE,-0.09,27.64
ABC,RETAIL,0.46,23.05
CVB,TECHNOLOGY,1,59.33
WFC,FINANCIAL,-0.05,41.41
AMZN,TECHNOLOGY,-2.13,748.07
WSB,FINANCIAL,1.5,118.19
